# Blender 4.4.1
# www.blender.org
mtllib anchor.mtl
o 平面
v -0.004623 -1.156436 -0.591122
v -0.001536 -1.156436 0.939238
v -0.004457 0.651467 0.939259
v -0.007544 0.651467 -0.591102
v 1.349706 -0.569086 -0.552232
v 1.356096 -0.568801 0.881121
v 1.291359 0.859526 0.881837
v 1.284969 0.820948 -0.551516
v 2.994913 0.059091 -0.474307
v 3.012799 0.063750 0.722979
v 2.856010 1.225388 0.726578
v 2.838124 1.220729 -0.470708
v 4.373935 1.151436 -0.390281
v 4.386477 1.153151 0.405026
v 4.167767 1.836633 0.415507
v 4.155225 1.834918 -0.379800
v 5.522000 2.610342 -0.172413
v 5.514746 2.615029 0.160045
v 5.634352 2.781709 0.166947
v 5.641606 2.777022 -0.165511
v 5.816917 2.223462 0.009074
v 5.815951 2.224446 0.039079
v 5.827873 2.237487 0.039798
v 5.828839 2.236504 0.009793
v 4.795050 3.459201 0.119773
v 4.800210 3.496743 -0.321758
v 4.843627 3.859917 -0.275489
v 4.838467 3.822375 0.166041
v 4.425276 3.896653 0.001451
v 4.423082 3.902173 -0.039710
v 4.424280 3.938344 -0.035158
v 4.426474 3.932824 0.006003
v 0.673268 -0.752484 -0.571058
v 0.676256 -0.752484 0.909695
v 0.673430 0.728270 0.909714
v 0.670442 0.728270 -0.571038
v 2.496803 -0.132485 -0.497228
v 2.505530 -0.131515 0.770927
v 2.393768 1.119558 0.772637
v 2.385040 1.118589 -0.495518
v 1.952129 -0.341884 -0.524304
v 1.961411 -0.340854 0.824297
v 1.842559 0.989582 0.826115
v 1.833278 0.988551 -0.522486
v 3.998378 0.850500 -0.409538
v 4.018850 0.857877 0.486818
v 3.863818 1.707360 0.492100
v 3.843346 1.699983 -0.404256
v 3.539080 0.485987 -0.440452
v 3.562757 0.494519 0.596193
v 3.383461 1.476956 0.602302
v 3.359784 1.468424 -0.434344
v 5.350914 2.733984 -0.271729
v 5.352049 2.732233 0.252263
v 4.972949 3.039532 0.310425
v 4.966048 3.041466 -0.309831
v 5.040339 2.259275 -0.342117
v 5.046766 2.254883 0.331606
v 4.800848 2.749159 0.342961
v 4.794419 2.753551 -0.330762
v 4.792776 1.736880 -0.366190
v 4.799766 1.732104 0.366488
v 4.532326 2.269634 0.378837
v 4.525336 2.274410 -0.353841
v 5.507730 3.025239 0.212764
v 5.512362 3.026805 -0.214964
v 5.816521 2.223985 0.008833
v 5.815542 2.224982 0.039238
v 5.827624 2.238193 0.039967
v 5.828603 2.237196 0.009562
v 5.791001 2.257652 -0.006668
v 5.789193 2.259492 0.049490
v 5.811513 2.283887 0.050837
v 5.813321 2.282047 -0.005321
v 4.944634 3.268601 0.175884
v 4.982367 3.281363 -0.324233
v 5.065965 3.662802 -0.268631
v 5.028233 3.650039 0.231485
v 4.605639 3.689090 0.053874
v 4.593863 3.718729 -0.167121
v 4.600292 3.912932 -0.142682
v 4.612068 3.883293 0.078313
v 4.504698 3.805253 0.024535
v 4.498285 3.821394 -0.095815
v 4.501786 3.927154 -0.082506
v 4.508199 3.911013 0.037844
v 0.000000 -0.392666 -0.413599
v 0.000000 6.004374 -0.283450
v 0.098846 -0.392666 -0.403864
v 0.073456 6.004374 -0.276215
v 0.193894 -0.392666 -0.375031
v 0.144088 6.004374 -0.254789
v 0.281491 -0.392666 -0.328210
v 0.209184 6.004374 -0.219995
v 0.358269 -0.392666 -0.265199
v 0.266240 6.004374 -0.173170
v 0.421280 -0.392666 -0.188420
v 0.313065 6.004374 -0.116113
v 0.468102 -0.392666 -0.100824
v 0.347860 6.004374 -0.051018
v 0.496934 -0.392666 -0.005776
v 0.369286 6.004374 0.019615
v 0.506670 -0.392666 0.093070
v 0.376521 6.004374 0.093070
v 0.496934 -0.392666 0.191917
v 0.369286 6.004374 0.166526
v 0.468102 -0.392666 0.286964
v 0.347860 6.004374 0.237159
v 0.421280 -0.392666 0.374561
v 0.313065 6.004374 0.302254
v 0.358269 -0.392666 0.451340
v 0.266240 6.004374 0.359311
v 0.281491 -0.392666 0.514351
v 0.209184 6.004374 0.406136
v 0.193894 -0.392666 0.561172
v 0.144088 6.004374 0.440930
v 0.098846 -0.392666 0.590004
v 0.073456 6.004374 0.462356
v 0.000000 -0.392666 0.599740
v 0.000000 6.004374 0.469591
v -0.098846 -0.392666 0.590004
v -0.073456 6.004374 0.462356
v -0.193894 -0.392666 0.561172
v -0.144088 6.004374 0.440930
v -0.281491 -0.392666 0.514351
v -0.209184 6.004374 0.406136
v -0.358269 -0.392666 0.451340
v -0.266240 6.004374 0.359311
v -0.421280 -0.392666 0.374561
v -0.313065 6.004374 0.302254
v -0.468102 -0.392666 0.286964
v -0.347860 6.004374 0.237159
v -0.496934 -0.392666 0.191917
v -0.369286 6.004374 0.166526
v -0.506670 -0.392666 0.093070
v -0.376521 6.004374 0.093070
v -0.496934 -0.392666 -0.005776
v -0.369286 6.004374 0.019615
v -0.468102 -0.392666 -0.100824
v -0.347860 6.004374 -0.051018
v -0.421280 -0.392666 -0.188420
v -0.313065 6.004374 -0.116113
v -0.358269 -0.392666 -0.265199
v -0.266240 6.004374 -0.173170
v -0.281491 -0.392666 -0.328210
v -0.209184 6.004374 -0.219995
v -0.193894 -0.392666 -0.375031
v -0.144088 6.004374 -0.254789
v -0.098846 -0.392666 -0.403864
v -0.073456 6.004374 -0.276215
v 0.000000 2.805853 -0.413599
v 0.098846 2.805853 -0.403864
v 0.193894 2.805853 -0.375031
v 0.281491 2.805853 -0.328210
v 0.358269 2.805853 -0.265199
v 0.421280 2.805853 -0.188420
v 0.468102 2.805853 -0.100824
v 0.496934 2.805853 -0.005776
v 0.506670 2.805853 0.093070
v 0.496934 2.805853 0.191917
v 0.468102 2.805853 0.286964
v 0.421280 2.805853 0.374561
v 0.358269 2.805853 0.451340
v 0.281491 2.805853 0.514351
v 0.193894 2.805853 0.561172
v 0.098846 2.805853 0.590004
v 0.000000 2.805853 0.599740
v -0.098846 2.805853 0.590004
v -0.193894 2.805853 0.561172
v -0.281491 2.805853 0.514351
v -0.358269 2.805853 0.451340
v -0.421280 2.805853 0.374561
v -0.468102 2.805853 0.286964
v -0.496934 2.805853 0.191917
v -0.506670 2.805853 0.093070
v -0.496934 2.805853 -0.005776
v -0.468102 2.805853 -0.100824
v -0.421280 2.805853 -0.188420
v -0.358269 2.805853 -0.265199
v -0.281491 2.805853 -0.328210
v -0.193894 2.805853 -0.375031
v -0.098846 2.805853 -0.403864
v 0.000000 4.405112 -0.413599
v 0.098846 4.405112 -0.403864
v 0.193894 4.405112 -0.375031
v 0.281491 4.405112 -0.328210
v 0.358269 4.405112 -0.265199
v 0.421280 4.405112 -0.188420
v 0.468102 4.405112 -0.100824
v 0.496934 4.405112 -0.005776
v 0.506670 4.405112 0.093070
v 0.496934 4.405112 0.191917
v 0.468102 4.405112 0.286964
v 0.421280 4.405112 0.374561
v 0.358269 4.405112 0.451340
v 0.281491 4.405112 0.514351
v 0.193894 4.405112 0.561172
v 0.098846 4.405112 0.590004
v 0.000000 4.405112 0.599740
v -0.098846 4.405112 0.590004
v -0.193894 4.405112 0.561172
v -0.281491 4.405112 0.514351
v -0.358269 4.405112 0.451340
v -0.421280 4.405112 0.374561
v -0.468102 4.405112 0.286964
v -0.496934 4.405112 0.191917
v -0.506670 4.405112 0.093070
v -0.496934 4.405112 -0.005776
v -0.468102 4.405112 -0.100824
v -0.421280 4.405112 -0.188420
v -0.358269 4.405112 -0.265199
v -0.281491 4.405112 -0.328210
v -0.193894 4.405112 -0.375031
v -0.098846 4.405112 -0.403864
v 0.000000 5.204742 -0.413599
v 0.098846 5.204742 -0.403864
v 0.193894 5.204742 -0.375031
v 0.281491 5.204742 -0.328210
v 0.358269 5.204742 -0.265199
v 0.421280 5.204742 -0.188420
v 0.468102 5.204742 -0.100824
v 0.496934 5.204742 -0.005776
v 0.506670 5.204742 0.093070
v 0.496934 5.204742 0.191917
v 0.468102 5.204742 0.286964
v 0.421280 5.204742 0.374561
v 0.358269 5.204742 0.451340
v 0.281491 5.204742 0.514351
v 0.193894 5.204742 0.561172
v 0.098846 5.204742 0.590004
v 0.000000 5.204742 0.599740
v -0.098846 5.204742 0.590004
v -0.193894 5.204742 0.561172
v -0.281491 5.204742 0.514351
v -0.358269 5.204742 0.451340
v -0.421280 5.204742 0.374561
v -0.468102 5.204742 0.286964
v -0.496934 5.204742 0.191917
v -0.506670 5.204742 0.093070
v -0.496934 5.204742 -0.005776
v -0.468102 5.204742 -0.100824
v -0.421280 5.204742 -0.188420
v -0.358269 5.204742 -0.265199
v -0.281491 5.204742 -0.328210
v -0.193894 5.204742 -0.375031
v -0.098846 5.204742 -0.403864
v 0.000000 5.604558 -0.413599
v 0.098846 5.604558 -0.403864
v 0.193894 5.604558 -0.375031
v 0.281491 5.604558 -0.328210
v 0.358269 5.604558 -0.265199
v 0.421280 5.604558 -0.188420
v 0.468102 5.604558 -0.100824
v 0.496934 5.604558 -0.005776
v 0.506670 5.604558 0.093070
v 0.496934 5.604558 0.191917
v 0.468102 5.604558 0.286964
v 0.421280 5.604558 0.374561
v 0.358269 5.604558 0.451340
v 0.281491 5.604558 0.514351
v 0.193894 5.604558 0.561172
v 0.098846 5.604558 0.590004
v 0.000000 5.604558 0.599740
v -0.098846 5.604558 0.590004
v -0.193894 5.604558 0.561172
v -0.281491 5.604558 0.514351
v -0.358269 5.604558 0.451340
v -0.421280 5.604558 0.374561
v -0.468102 5.604558 0.286964
v -0.496934 5.604558 0.191917
v -0.506670 5.604558 0.093070
v -0.496934 5.604558 -0.005776
v -0.468102 5.604558 -0.100824
v -0.421280 5.604558 -0.188420
v -0.358269 5.604558 -0.265199
v -0.281491 5.604558 -0.328210
v -0.193894 5.604558 -0.375031
v -0.098846 5.604558 -0.403864
v -2.912176 4.370307 0.087488
v 2.912176 4.370307 0.087488
v -2.912176 4.368000 0.087565
v 2.912176 4.368000 0.087565
v -2.912176 4.367170 0.087792
v 2.912176 4.367170 0.087792
v -2.912176 4.366405 0.088161
v 2.912176 4.366405 0.088161
v -2.912176 4.365735 0.088658
v 2.912176 4.365735 0.088658
v -2.912176 4.365184 0.089263
v 2.912176 4.365184 0.089263
v -2.912176 4.364776 0.089953
v 2.912176 4.364775 0.089953
v -2.912176 4.364524 0.090702
v 2.912176 4.364524 0.090702
v -2.912176 4.364439 0.093070
v 2.912176 4.364439 0.093070
v -2.912176 4.364524 0.095439
v 2.912176 4.364524 0.095439
v -2.912176 4.364776 0.096188
v 2.912176 4.364775 0.096188
v -2.912176 4.365184 0.096878
v 2.912176 4.365184 0.096878
v -2.912176 4.365735 0.097483
v 2.912176 4.365735 0.097483
v -2.912176 4.366405 0.097979
v 2.912176 4.366405 0.097979
v -2.912176 4.367170 0.098348
v 2.912176 4.367170 0.098348
v -2.912176 4.368000 0.098576
v 2.912176 4.368000 0.098576
v -2.912176 4.370307 0.098652
v 2.912176 4.370307 0.098652
v -2.912176 4.372616 0.098576
v 2.912176 4.372615 0.098576
v -2.912176 4.373446 0.098348
v 2.912176 4.373446 0.098348
v -2.912176 4.374210 0.097979
v 2.912176 4.374210 0.097979
v -2.912176 4.374881 0.097483
v 2.912176 4.374881 0.097483
v -2.912176 4.375431 0.096878
v 2.912176 4.375431 0.096878
v -2.912176 4.375840 0.096188
v 2.912176 4.375840 0.096188
v -2.912176 4.376091 0.095439
v 2.912176 4.376091 0.095439
v -2.912176 4.376177 0.093070
v 2.912176 4.376177 0.093070
v -2.912176 4.376091 0.090702
v 2.912176 4.376091 0.090702
v -2.912176 4.375840 0.089953
v 2.912176 4.375840 0.089953
v -2.912176 4.375431 0.089263
v 2.912176 4.375431 0.089263
v -2.912176 4.374881 0.088658
v 2.912176 4.374881 0.088658
v -2.912176 4.374210 0.088161
v 2.912176 4.374210 0.088161
v -2.912176 4.373446 0.087792
v 2.912176 4.373446 0.087792
v -2.912176 4.372616 0.087565
v 2.912176 4.372615 0.087565
v 0.000000 4.370307 -0.202764
v 0.000000 4.306362 -0.197080
v 0.000000 4.244873 -0.180245
v 0.000000 4.188205 -0.152907
v 0.000000 4.138535 -0.116116
v 0.000000 4.097772 -0.071287
v 0.000000 4.067482 -0.020141
v 0.000000 4.048830 0.035356
v 0.000000 4.042532 0.093070
v 0.000000 4.048830 0.150785
v 0.000000 4.067482 0.206281
v 0.000000 4.097772 0.257427
v 0.000000 4.138535 0.302257
v 0.000000 4.188205 0.339048
v 0.000000 4.244873 0.366386
v 0.000000 4.306362 0.383221
v 0.000000 4.370307 0.388905
v 0.000000 4.434254 0.383221
v 0.000000 4.495742 0.366386
v 0.000000 4.552410 0.339048
v 0.000000 4.602080 0.302257
v 0.000000 4.642844 0.257427
v 0.000000 4.673133 0.206281
v 0.000000 4.691785 0.150785
v 0.000000 4.698084 0.093070
v 0.000000 4.691785 0.035356
v 0.000000 4.673133 -0.020141
v 0.000000 4.642844 -0.071287
v 0.000000 4.602080 -0.116116
v 0.000000 4.552410 -0.152907
v 0.000000 4.495742 -0.180245
v 0.000000 4.434254 -0.197080
v 1.199613 4.370307 -0.202764
v 1.199613 4.306362 -0.197080
v 1.199613 4.244873 -0.180245
v 1.199613 4.188205 -0.152907
v 1.199613 4.138535 -0.116116
v 1.199613 4.097772 -0.071287
v 1.199613 4.067482 -0.020141
v 1.199613 4.048830 0.035356
v 1.199613 4.042532 0.093070
v 1.199613 4.048830 0.150785
v 1.199613 4.067482 0.206281
v 1.199613 4.097772 0.257427
v 1.199613 4.138535 0.302257
v 1.199613 4.188205 0.339048
v 1.199613 4.244873 0.366386
v 1.199613 4.306362 0.383221
v 1.199613 4.370307 0.388905
v 1.199613 4.434254 0.383221
v 1.199613 4.495742 0.366386
v 1.199613 4.552410 0.339048
v 1.199613 4.602080 0.302257
v 1.199613 4.642843 0.257427
v 1.199613 4.673133 0.206281
v 1.199613 4.691785 0.150785
v 1.199613 4.698084 0.093070
v 1.199613 4.691785 0.035356
v 1.199613 4.673133 -0.020141
v 1.199613 4.642843 -0.071287
v 1.199613 4.602080 -0.116116
v 1.199613 4.552410 -0.152907
v 1.199613 4.495742 -0.180245
v 1.199613 4.434254 -0.197080
v 0.599806 4.306362 -0.197080
v 0.599806 4.244873 -0.180245
v 0.599806 4.188205 -0.152907
v 0.599806 4.138535 -0.116116
v 0.599806 4.097772 -0.071287
v 0.599806 4.067482 -0.020141
v 0.599806 4.048830 0.035356
v 0.599806 4.042532 0.093070
v 0.599806 4.048830 0.150785
v 0.599806 4.067482 0.206281
v 0.599806 4.097772 0.257427
v 0.599806 4.138535 0.302257
v 0.599806 4.188205 0.339048
v 0.599806 4.244873 0.366386
v 0.599806 4.306362 0.383221
v 0.599806 4.370307 0.388905
v 0.599806 4.434254 0.383221
v 0.599806 4.495742 0.366386
v 0.599806 4.552410 0.339048
v 0.599806 4.602080 0.302257
v 0.599806 4.642843 0.257427
v 0.599806 4.673133 0.206281
v 0.599806 4.691785 0.150785
v 0.599806 4.698084 0.093070
v 0.599806 4.691785 0.035356
v 0.599806 4.673133 -0.020141
v 0.599806 4.642843 -0.071287
v 0.599806 4.602080 -0.116116
v 0.599806 4.552410 -0.152907
v 0.599806 4.495742 -0.180245
v 0.599806 4.434254 -0.197080
v 0.599806 4.370307 -0.202764
v 0.299903 4.306362 -0.197080
v 0.299903 4.244873 -0.180245
v 0.299903 4.188205 -0.152907
v 0.299903 4.138535 -0.116116
v 0.299903 4.097772 -0.071287
v 0.299903 4.067482 -0.020141
v 0.299903 4.048830 0.035356
v 0.299903 4.042532 0.093070
v 0.299903 4.048830 0.150785
v 0.299903 4.067482 0.206281
v 0.299903 4.097772 0.257427
v 0.299903 4.138535 0.302257
v 0.299903 4.188205 0.339048
v 0.299903 4.244873 0.366386
v 0.299903 4.306362 0.383221
v 0.299903 4.370307 0.388905
v 0.299903 4.434254 0.383221
v 0.299903 4.495742 0.366386
v 0.299903 4.552410 0.339048
v 0.299903 4.602080 0.302257
v 0.299903 4.642843 0.257427
v 0.299903 4.673133 0.206281
v 0.299903 4.691785 0.150785
v 0.299903 4.698084 0.093070
v 0.299903 4.691785 0.035356
v 0.299903 4.673133 -0.020141
v 0.299903 4.642843 -0.071287
v 0.299903 4.602080 -0.116116
v 0.299903 4.552410 -0.152907
v 0.299903 4.495742 -0.180245
v 0.299903 4.434254 -0.197080
v 0.299903 4.370307 -0.202764
v 0.449855 4.370307 -0.202764
v 0.449855 4.306362 -0.197080
v 0.449855 4.244873 -0.180245
v 0.449855 4.188205 -0.152907
v 0.449855 4.138535 -0.116116
v 0.449855 4.097772 -0.071287
v 0.449855 4.067482 -0.020141
v 0.449855 4.048830 0.035356
v 0.449855 4.042532 0.093070
v 0.449855 4.048830 0.150785
v 0.449855 4.067482 0.206281
v 0.449855 4.097772 0.257427
v 0.449855 4.138535 0.302257
v 0.449855 4.188205 0.339048
v 0.449855 4.244873 0.366386
v 0.449855 4.306362 0.383221
v 0.449855 4.370307 0.388905
v 0.449855 4.434254 0.383221
v 0.449855 4.495742 0.366386
v 0.449855 4.552410 0.339048
v 0.449855 4.602080 0.302257
v 0.449855 4.642843 0.257427
v 0.449855 4.673133 0.206281
v 0.449855 4.691785 0.150785
v 0.449855 4.698084 0.093070
v 0.449855 4.691785 0.035356
v 0.449855 4.673133 -0.020141
v 0.449855 4.642843 -0.071287
v 0.449855 4.602080 -0.116116
v 0.449855 4.552410 -0.152907
v 0.449855 4.495742 -0.180245
v 0.449855 4.434254 -0.197080
v -2.912176 4.374546 0.088410
v 2.912176 4.374546 0.088410
v 0.000000 4.577245 -0.134512
v 1.199613 4.577245 -0.134512
v 0.599806 4.577245 -0.134512
v 0.299903 4.577245 -0.134512
v 0.449855 4.577245 -0.134512
v 1.799419 4.370307 -0.202764
v 1.799419 4.306362 -0.197080
v 1.799419 4.244873 -0.180245
v 1.799419 4.188205 -0.152907
v 1.799419 4.138535 -0.116116
v 1.799419 4.097772 -0.071287
v 1.799419 4.067482 -0.020141
v 1.799419 4.048830 0.035356
v 1.799419 4.042532 0.093070
v 1.799419 4.048830 0.150785
v 1.799419 4.067482 0.206281
v 1.799419 4.097772 0.257427
v 1.799419 4.138535 0.302257
v 1.799419 4.188205 0.339048
v 1.799419 4.244873 0.366386
v 1.799419 4.306362 0.383221
v 1.799419 4.370307 0.388905
v 1.799419 4.434254 0.383221
v 1.799419 4.495742 0.366386
v 1.799419 4.552410 0.339048
v 1.799419 4.602080 0.302257
v 1.799419 4.642843 0.257427
v 1.799419 4.673133 0.206281
v 1.799419 4.691785 0.150785
v 1.799419 4.698084 0.093070
v 1.799419 4.691785 0.035356
v 1.799419 4.673133 -0.020141
v 1.799419 4.642843 -0.071287
v 1.799419 4.602080 -0.116116
v 1.799419 4.552410 -0.152907
v 1.799419 4.495742 -0.180245
v 1.799419 4.434254 -0.197080
v 1.799419 4.577245 -0.134512
v 2.099323 4.370307 -0.202764
v 2.099323 4.306362 -0.197080
v 2.099323 4.244873 -0.180245
v 2.099323 4.188205 -0.152907
v 2.099323 4.138535 -0.116116
v 2.099323 4.097772 -0.071287
v 2.099323 4.067482 -0.020141
v 2.099323 4.048830 0.035356
v 2.099323 4.042532 0.093070
v 2.099323 4.048830 0.150785
v 2.099323 4.067482 0.206281
v 2.099323 4.097772 0.257427
v 2.099323 4.138535 0.302257
v 2.099323 4.188205 0.339048
v 2.099323 4.244873 0.366386
v 2.099323 4.306362 0.383221
v 2.099323 4.370307 0.388905
v 2.099323 4.434254 0.383221
v 2.099323 4.495742 0.366386
v 2.099323 4.552410 0.339048
v 2.099323 4.602080 0.302257
v 2.099323 4.642843 0.257427
v 2.099323 4.673133 0.206281
v 2.099323 4.691785 0.150785
v 2.099323 4.698084 0.093070
v 2.099323 4.691785 0.035356
v 2.099323 4.673133 -0.020141
v 2.099323 4.642843 -0.071287
v 2.099323 4.602080 -0.116116
v 2.099323 4.552410 -0.152907
v 2.099323 4.495742 -0.180245
v 2.099323 4.434254 -0.197080
v 2.099323 4.577245 -0.134512
v 2.249274 4.370307 -0.202764
v 2.249274 4.306362 -0.197080
v 2.249274 4.244873 -0.180245
v 2.249274 4.188205 -0.152907
v 2.249274 4.138535 -0.116116
v 2.249274 4.097772 -0.071287
v 2.249274 4.067482 -0.020141
v 2.249274 4.048830 0.035356
v 2.249274 4.042532 0.093070
v 2.249274 4.048830 0.150785
v 2.249274 4.067482 0.206281
v 2.249274 4.097772 0.257427
v 2.249274 4.138535 0.302257
v 2.249274 4.188205 0.339048
v 2.249274 4.244873 0.366386
v 2.249274 4.306362 0.383221
v 2.249274 4.370307 0.388905
v 2.249274 4.434254 0.383221
v 2.249274 4.495742 0.366386
v 2.249274 4.552410 0.339048
v 2.249274 4.602080 0.302257
v 2.249274 4.642843 0.257427
v 2.249274 4.673133 0.206281
v 2.249274 4.691785 0.150785
v 2.249274 4.698084 0.093070
v 2.249274 4.691785 0.035356
v 2.249274 4.673133 -0.020141
v 2.249274 4.642843 -0.071287
v 2.249274 4.602080 -0.116116
v 2.249274 4.552410 -0.152907
v 2.249274 4.495742 -0.180245
v 2.249274 4.434254 -0.197080
v 2.249274 4.577245 -0.134512
v -1.199613 4.306362 -0.197080
v -1.199613 4.244873 -0.180245
v -1.199613 4.188205 -0.152907
v -1.199613 4.138535 -0.116116
v -1.199613 4.097772 -0.071287
v -1.199613 4.067483 -0.020141
v -1.199613 4.048830 0.035356
v -1.199613 4.042532 0.093070
v -1.199613 4.048830 0.150785
v -1.199613 4.067483 0.206281
v -1.199613 4.097772 0.257427
v -1.199613 4.138535 0.302257
v -1.199613 4.188205 0.339048
v -1.199613 4.244873 0.366386
v -1.199613 4.306362 0.383221
v -1.199613 4.370307 0.388905
v -1.199613 4.434254 0.383221
v -1.199613 4.495742 0.366386
v -1.199613 4.552410 0.339048
v -1.199613 4.602080 0.302257
v -1.199613 4.642844 0.257427
v -1.199613 4.673133 0.206281
v -1.199613 4.691785 0.150785
v -1.199613 4.698084 0.093070
v -1.199613 4.691785 0.035356
v -1.199613 4.673133 -0.020141
v -1.199613 4.642844 -0.071287
v -1.199613 4.602080 -0.116116
v -1.199613 4.552410 -0.152907
v -1.199613 4.495742 -0.180245
v -1.199613 4.434254 -0.197080
v -1.199613 4.370307 -0.202764
v -1.199613 4.577245 -0.134512
v -1.799419 4.306362 -0.197080
v -1.799419 4.244874 -0.180245
v -1.799419 4.188205 -0.152907
v -1.799419 4.138535 -0.116116
v -1.799419 4.097772 -0.071287
v -1.799419 4.067483 -0.020141
v -1.799419 4.048830 0.035356
v -1.799419 4.042532 0.093070
v -1.799419 4.048830 0.150785
v -1.799419 4.067483 0.206281
v -1.799419 4.097772 0.257427
v -1.799419 4.138535 0.302257
v -1.799419 4.188205 0.339048
v -1.799419 4.244874 0.366386
v -1.799419 4.306362 0.383221
v -1.799419 4.370307 0.388905
v -1.799419 4.434254 0.383221
v -1.799419 4.495742 0.366386
v -1.799419 4.552410 0.339048
v -1.799419 4.602080 0.302257
v -1.799419 4.642844 0.257427
v -1.799419 4.673133 0.206281
v -1.799419 4.691785 0.150785
v -1.799419 4.698084 0.093070
v -1.799419 4.691785 0.035356
v -1.799419 4.673133 -0.020141
v -1.799419 4.642844 -0.071287
v -1.799419 4.602080 -0.116116
v -1.799419 4.552410 -0.152907
v -1.799419 4.495742 -0.180245
v -1.799419 4.434254 -0.197080
v -1.799419 4.577245 -0.134512
v -1.799419 4.370307 -0.202764
v -2.099323 4.306362 -0.197080
v -2.099323 4.244874 -0.180245
v -2.099323 4.188205 -0.152907
v -2.099323 4.138535 -0.116116
v -2.099323 4.097772 -0.071287
v -2.099323 4.067483 -0.020141
v -2.099323 4.048830 0.035356
v -2.099323 4.042532 0.093070
v -2.099323 4.048830 0.150785
v -2.099323 4.067483 0.206281
v -2.099323 4.097772 0.257427
v -2.099323 4.138535 0.302257
v -2.099323 4.188205 0.339048
v -2.099323 4.244874 0.366386
v -2.099323 4.306362 0.383221
v -2.099323 4.370307 0.388905
v -2.099323 4.434254 0.383221
v -2.099323 4.495742 0.366386
v -2.099323 4.552410 0.339048
v -2.099323 4.602080 0.302257
v -2.099323 4.642844 0.257427
v -2.099323 4.673133 0.206281
v -2.099323 4.691785 0.150785
v -2.099323 4.698084 0.093070
v -2.099323 4.691785 0.035356
v -2.099323 4.673133 -0.020141
v -2.099323 4.642844 -0.071287
v -2.099323 4.602080 -0.116116
v -2.099323 4.552410 -0.152907
v -2.099323 4.495742 -0.180245
v -2.099323 4.434254 -0.197080
v -2.099323 4.577245 -0.134512
v -2.099323 4.370307 -0.202764
v -2.249274 4.306362 -0.197080
v -2.249274 4.244874 -0.180245
v -2.249274 4.188205 -0.152907
v -2.249274 4.138535 -0.116116
v -2.249274 4.097772 -0.071287
v -2.249274 4.067483 -0.020141
v -2.249274 4.048830 0.035356
v -2.249274 4.042532 0.093070
v -2.249274 4.048830 0.150785
v -2.249274 4.067483 0.206281
v -2.249274 4.097772 0.257427
v -2.249274 4.138535 0.302257
v -2.249274 4.188205 0.339048
v -2.249274 4.244874 0.366386
v -2.249274 4.306362 0.383221
v -2.249274 4.370307 0.388905
v -2.249274 4.434254 0.383221
v -2.249274 4.495742 0.366386
v -2.249274 4.552410 0.339048
v -2.249274 4.602080 0.302257
v -2.249274 4.642844 0.257427
v -2.249274 4.673133 0.206281
v -2.249274 4.691785 0.150785
v -2.249274 4.698084 0.093070
v -2.249274 4.691785 0.035356
v -2.249274 4.673133 -0.020141
v -2.249274 4.642844 -0.071287
v -2.249274 4.602080 -0.116116
v -2.249274 4.552410 -0.152907
v -2.249274 4.495742 -0.180245
v -2.249274 4.434254 -0.197080
v -2.249274 4.577245 -0.134512
v -2.249274 4.370307 -0.202764
v -2.174299 4.370307 -0.202764
v -2.174299 4.306362 -0.197080
v -2.174299 4.244874 -0.180245
v -2.174299 4.188205 -0.152907
v -2.174299 4.138535 -0.116116
v -2.174299 4.097772 -0.071287
v -2.174299 4.067483 -0.020141
v -2.174299 4.048830 0.035356
v -2.174299 4.042532 0.093070
v -2.174299 4.048830 0.150785
v -2.174299 4.067483 0.206281
v -2.174299 4.097772 0.257427
v -2.174299 4.138535 0.302257
v -2.174299 4.188205 0.339048
v -2.174299 4.244874 0.366386
v -2.174299 4.306362 0.383221
v -2.174299 4.370307 0.388905
v -2.174299 4.434254 0.383221
v -2.174299 4.495742 0.366386
v -2.174299 4.552410 0.339048
v -2.174299 4.602080 0.302257
v -2.174299 4.642844 0.257427
v -2.174299 4.673133 0.206281
v -2.174299 4.691785 0.150785
v -2.174299 4.698084 0.093070
v -2.174299 4.691785 0.035356
v -2.174299 4.673133 -0.020141
v -2.174299 4.642844 -0.071287
v -2.174299 4.602080 -0.116116
v -2.174299 4.552410 -0.152907
v -2.174299 4.495742 -0.180245
v -2.174299 4.434254 -0.197080
v -2.174299 4.577245 -0.134512
v 1.098919 6.589162 0.101910
v 1.069474 6.588497 -0.179961
v 0.989027 6.588010 -0.386304
v 0.879135 6.587832 -0.461831
v 0.769243 6.588010 -0.386304
v 0.688797 6.588497 -0.179961
v 0.659352 6.589162 0.101910
v 0.688797 6.589828 0.383780
v 0.769243 6.590315 0.590123
v 0.879135 6.590493 0.665650
v 0.989027 6.590315 0.590123
v 1.069474 6.589828 0.383780
v 1.089518 6.419790 0.102310
v 1.060324 6.423663 -0.179571
v 0.980566 6.435575 -0.385944
v 0.871614 6.452334 -0.461511
v 0.762662 6.469449 -0.386024
v 0.682904 6.482335 -0.179710
v 0.653711 6.487539 0.102150
v 0.682904 6.483666 0.384031
v 0.762662 6.471754 0.590403
v 0.871614 6.454995 0.665970
v 0.980566 6.437879 0.590483
v 1.060324 6.424993 0.384169
v 1.061474 6.253314 0.102702
v 1.033032 6.261648 -0.179189
v 0.955327 6.285747 -0.385590
v 0.849179 6.319153 -0.461197
v 0.743032 6.352917 -0.385749
v 0.665327 6.377990 -0.179464
v 0.636885 6.387654 0.102385
v 0.665327 6.379320 0.384277
v 0.743032 6.355222 0.590678
v 0.849179 6.321815 0.666284
v 0.955327 6.288052 0.590837
v 1.033032 6.262979 0.384551
v 1.015269 6.092586 0.103082
v 0.988065 6.105226 -0.178820
v 0.913742 6.141091 -0.385249
v 0.812215 6.190571 -0.460893
v 0.710688 6.240407 -0.385483
v 0.636365 6.277246 -0.179226
v 0.609161 6.291216 0.102613
v 0.636365 6.278576 0.384515
v 0.710688 6.242712 0.590944
v 0.812215 6.193232 0.666588
v 0.913742 6.143396 0.591178
v 0.988065 6.106557 0.384921
v 0.951692 5.940354 0.103441
v 0.926191 5.957073 -0.178470
v 0.856523 6.004082 -0.384926
v 0.761353 6.068785 -0.460606
v 0.666184 6.133844 -0.385232
v 0.596516 6.181827 -0.179001
v 0.571015 6.199877 0.102829
v 0.596516 6.183157 0.384740
v 0.666184 6.136149 0.591195
v 0.761353 6.071445 0.666875
v 0.856523 6.006387 0.591502
v 0.926191 5.958403 0.385270
v 0.871831 5.799223 0.103774
v 0.848471 5.819724 -0.178146
v 0.784648 5.877065 -0.384626
v 0.697465 5.955880 -0.460339
v 0.610282 6.035053 -0.384999
v 0.546459 6.093367 -0.178792
v 0.523099 6.115199 0.103028
v 0.546459 6.094698 0.384949
v 0.610282 6.037357 0.591429
v 0.697465 5.958542 0.667142
v 0.784648 5.879369 0.591801
v 0.848471 5.821054 0.385595
v 0.777053 5.671608 0.104075
v 0.756232 5.695529 -0.177853
v 0.699348 5.762211 -0.384355
v 0.621643 5.853788 -0.460098
v 0.543937 5.945722 -0.384788
v 0.487053 6.013379 -0.178603
v 0.466232 6.038630 0.103209
v 0.487053 6.014709 0.385137
v 0.543937 5.948027 0.591639
v 0.621643 5.856450 0.667383
v 0.699348 5.764516 0.592072
v 0.756232 5.696859 0.385888
v 0.668980 5.559693 0.104340
v 0.651054 5.586613 -0.177596
v 0.602082 5.661488 -0.384117
v 0.535184 5.764256 -0.459887
v 0.468286 5.867382 -0.384603
v 0.419313 5.943231 -0.178437
v 0.401388 5.971481 0.103368
v 0.419313 5.944562 0.385303
v 0.468286 5.869687 0.591824
v 0.535184 5.766918 0.667594
v 0.602082 5.663793 0.592310
v 0.651054 5.587943 0.386145
v 0.549460 5.465393 0.104562
v 0.534737 5.494838 -0.177379
v 0.494514 5.576617 -0.383917
v 0.439568 5.688816 -0.459709
v 0.384622 5.801371 -0.384447
v 0.344398 5.884124 -0.178298
v 0.329676 5.914900 0.103501
v 0.344398 5.885455 0.385443
v 0.384622 5.803676 0.591980
v 0.439568 5.691477 0.667772
v 0.494514 5.578922 0.592511
v 0.534737 5.496169 0.386361
v 0.420538 5.390320 0.104739
v 0.409270 5.421778 -0.177207
v 0.378485 5.509052 -0.383757
v 0.336431 5.628758 -0.459567
v 0.294377 5.748820 -0.384323
v 0.263591 5.837069 -0.178187
v 0.252323 5.869857 0.103608
v 0.263591 5.838399 0.385554
v 0.294377 5.751125 0.592104
v 0.336431 5.631419 0.667914
v 0.378485 5.511357 0.592670
v 0.409270 5.423108 0.386534
v 0.284421 5.335760 0.104868
v 0.276800 5.368680 -0.177081
v 0.255979 5.459948 -0.383641
v 0.227537 5.585110 -0.459464
v 0.199095 5.710628 -0.384233
v 0.178274 5.802871 -0.178106
v 0.170653 5.837121 0.103685
v 0.178274 5.804202 0.385634
v 0.199095 5.712933 0.592194
v 0.227537 5.587771 0.668017
v 0.255979 5.462253 0.592786
v 0.276800 5.370010 0.386659
v 0.143438 5.302646 0.104946
v 0.139594 5.336452 -0.177005
v 0.129094 5.430145 -0.383571
v 0.114750 5.558619 -0.459402
v 0.100406 5.687449 -0.384178
v 0.089906 5.782115 -0.178057
v 0.086063 5.817253 0.103732
v 0.089906 5.783445 0.385683
v 0.100406 5.689753 0.592249
v 0.114750 5.561280 0.668079
v 0.129094 5.432450 0.592856
v 0.139594 5.337783 0.386735
v 0.000000 5.291545 0.104973
v 0.000000 5.325649 -0.176980
v 0.000000 5.420154 -0.383547
v 0.000000 5.549737 -0.459381
v 0.000000 5.679677 -0.384160
v 0.000000 5.775157 -0.178041
v 0.000000 5.810592 0.103747
v 0.000000 5.776487 0.385700
v 0.000000 5.681983 0.592267
v 0.000000 5.552399 0.668100
v 0.000000 5.422459 0.592880
v 0.000000 5.326980 0.386761
v -0.143438 5.302646 0.104946
v -0.139594 5.336452 -0.177005
v -0.129094 5.430145 -0.383571
v -0.114750 5.558619 -0.459402
v -0.100407 5.687449 -0.384178
v -0.089906 5.782115 -0.178057
v -0.086063 5.817253 0.103732
v -0.089906 5.783445 0.385683
v -0.100407 5.689753 0.592249
v -0.114750 5.561280 0.668079
v -0.129094 5.432450 0.592856
v -0.139594 5.337783 0.386735
v -0.284421 5.335760 0.104868
v -0.276800 5.368680 -0.177081
v -0.255979 5.459948 -0.383641
v -0.227537 5.585110 -0.459464
v -0.199095 5.710628 -0.384233
v -0.178274 5.802871 -0.178106
v -0.170653 5.837121 0.103685
v -0.178274 5.804201 0.385634
v -0.199095 5.712933 0.592194
v -0.227537 5.587771 0.668017
v -0.255979 5.462253 0.592786
v -0.276800 5.370010 0.386659
v -0.420538 5.390320 0.104739
v -0.409270 5.421778 -0.177207
v -0.378484 5.509052 -0.383757
v -0.336431 5.628757 -0.459567
v -0.294377 5.748820 -0.384323
v -0.263591 5.837069 -0.178187
v -0.252323 5.869857 0.103608
v -0.263591 5.838399 0.385554
v -0.294377 5.751125 0.592104
v -0.336431 5.631419 0.667914
v -0.378484 5.511356 0.592670
v -0.409270 5.423108 0.386534
v -0.549459 5.465393 0.104562
v -0.534737 5.494838 -0.177379
v -0.494513 5.576617 -0.383917
v -0.439568 5.688816 -0.459709
v -0.384622 5.801371 -0.384447
v -0.344398 5.884124 -0.178298
v -0.329676 5.914900 0.103501
v -0.344398 5.885455 0.385443
v -0.384622 5.803676 0.591980
v -0.439568 5.691477 0.667772
v -0.494513 5.578922 0.592511
v -0.534737 5.496169 0.386361
v -0.668980 5.559693 0.104340
v -0.651054 5.586613 -0.177596
v -0.602082 5.661488 -0.384117
v -0.535184 5.764256 -0.459887
v -0.468286 5.867382 -0.384603
v -0.419313 5.943231 -0.178437
v -0.401388 5.971481 0.103368
v -0.419313 5.944561 0.385303
v -0.468286 5.869686 0.591824
v -0.535184 5.766918 0.667594
v -0.602082 5.663793 0.592310
v -0.651054 5.587943 0.386145
v -0.777053 5.671608 0.104075
v -0.756232 5.695529 -0.177853
v -0.699348 5.762211 -0.384355
v -0.621643 5.853789 -0.460098
v -0.543937 5.945722 -0.384788
v -0.487053 6.013379 -0.178603
v -0.466232 6.038630 0.103209
v -0.487053 6.014709 0.385137
v -0.543937 5.948027 0.591639
v -0.621643 5.856450 0.667383
v -0.699348 5.764516 0.592072
v -0.756232 5.696859 0.385888
v -0.871831 5.799223 0.103774
v -0.848470 5.819724 -0.178146
v -0.784648 5.877065 -0.384626
v -0.697465 5.955880 -0.460339
v -0.610282 6.035052 -0.384999
v -0.546459 6.093367 -0.178792
v -0.523099 6.115199 0.103028
v -0.546459 6.094697 0.384949
v -0.610282 6.037357 0.591429
v -0.697465 5.958541 0.667142
v -0.784648 5.879369 0.591801
v -0.848470 5.821054 0.385595
v -0.951692 5.940354 0.103441
v -0.926191 5.957073 -0.178470
v -0.856523 6.004082 -0.384926
v -0.761353 6.068785 -0.460606
v -0.666184 6.133844 -0.385232
v -0.596515 6.181827 -0.179001
v -0.571015 6.199877 0.102829
v -0.596515 6.183157 0.384740
v -0.666184 6.136148 0.591195
v -0.761353 6.071445 0.666875
v -0.856523 6.006387 0.591502
v -0.926191 5.958403 0.385270
v -1.015269 6.092585 0.103082
v -0.988065 6.105226 -0.178820
v -0.913742 6.141091 -0.385249
v -0.812215 6.190570 -0.460893
v -0.710688 6.240407 -0.385483
v -0.636365 6.277246 -0.179226
v -0.609161 6.291216 0.102613
v -0.636365 6.278576 0.384515
v -0.710688 6.242711 0.590944
v -0.812215 6.193232 0.666588
v -0.913742 6.143396 0.591178
v -0.988065 6.106557 0.384921
v -1.061474 6.253315 0.102702
v -1.033032 6.261648 -0.179189
v -0.955327 6.285747 -0.385590
v -0.849180 6.319154 -0.461197
v -0.743032 6.352917 -0.385749
v -0.665327 6.377990 -0.179464
v -0.636885 6.387654 0.102385
v -0.665327 6.379321 0.384277
v -0.743032 6.355222 0.590678
v -0.849180 6.321815 0.666284
v -0.955327 6.288052 0.590837
v -1.033032 6.262979 0.384551
v -1.089518 6.419789 0.102310
v -1.060324 6.423663 -0.179571
v -0.980566 6.435575 -0.385944
v -0.871614 6.452333 -0.461511
v -0.762662 6.469449 -0.386024
v -0.682904 6.482335 -0.179710
v -0.653711 6.487538 0.102150
v -0.682904 6.483666 0.384031
v -0.762662 6.471754 0.590403
v -0.871614 6.454995 0.665970
v -0.980566 6.437879 0.590483
v -1.060324 6.424993 0.384169
v -1.098919 6.589162 0.101910
v -1.069474 6.588497 -0.179961
v -0.989027 6.588010 -0.386304
v -0.879135 6.587832 -0.461831
v -0.769243 6.588010 -0.386304
v -0.688797 6.588497 -0.179961
v -0.659352 6.589162 0.101910
v -0.688797 6.589828 0.383780
v -0.769243 6.590315 0.590123
v -0.879135 6.590493 0.665650
v -0.989027 6.590315 0.590123
v -1.069474 6.589828 0.383780
v -1.089518 6.758536 0.101510
v -1.060324 6.753333 -0.180350
v -0.980566 6.740447 -0.386664
v -0.871614 6.723330 -0.462151
v -0.762662 6.706572 -0.386584
v -0.682904 6.694660 -0.180211
v -0.653711 6.690787 0.101670
v -0.682904 6.695990 0.383529
v -0.762662 6.708877 0.589843
v -0.871614 6.725992 0.665330
v -0.980566 6.742751 0.589764
v -1.060324 6.754663 0.383391
v -1.061474 6.925011 0.101117
v -1.033032 6.915347 -0.180732
v -0.955327 6.890274 -0.387017
v -0.849180 6.856511 -0.462465
v -0.743032 6.823104 -0.386859
v -0.665327 6.799005 -0.180457
v -0.636885 6.790672 0.101434
v -0.665327 6.800336 0.383283
v -0.743032 6.825409 0.589568
v -0.849180 6.859172 0.665016
v -0.955327 6.892579 0.589410
v -1.033032 6.916677 0.383009
v -1.015269 7.085739 0.100738
v -0.988065 7.071768 -0.181101
v -0.913742 7.034929 -0.387359
v -0.812215 6.985094 -0.462768
v -0.710688 6.935615 -0.387124
v -0.636365 6.899749 -0.180695
v -0.609161 6.887109 0.101206
v -0.636365 6.901080 0.383045
v -0.710688 6.937919 0.589303
v -0.812215 6.987754 0.664713
v -0.913742 7.037234 0.589068
v -0.988065 7.073099 0.382639
v -0.951692 7.237971 0.100378
v -0.926191 7.219922 -0.181451
v -0.856523 7.171939 -0.387682
v -0.761354 7.106879 -0.463056
v -0.666184 7.042176 -0.387376
v -0.596516 6.995167 -0.180920
v -0.571015 6.978448 0.100991
v -0.596516 6.996498 0.382820
v -0.666184 7.044481 0.589051
v -0.761354 7.109540 0.664425
v -0.856523 7.174243 0.588745
v -0.926191 7.221252 0.382290
v -0.871831 7.379103 0.100045
v -0.848470 7.357271 -0.181775
v -0.784648 7.298956 -0.387982
v -0.697465 7.219784 -0.463322
v -0.610282 7.140969 -0.387609
v -0.546459 7.083628 -0.181129
v -0.523099 7.063126 0.100791
v -0.546459 7.084958 0.382611
v -0.610282 7.143273 0.588818
v -0.697465 7.222445 0.664159
v -0.784648 7.301260 0.588445
v -0.848470 7.358602 0.381965
v -0.777053 7.506718 0.099744
v -0.756232 7.481467 -0.182068
v -0.699348 7.413809 -0.388253
v -0.621643 7.321876 -0.463563
v -0.543937 7.230298 -0.387820
v -0.487053 7.163616 -0.181318
v -0.466232 7.139695 0.100610
v -0.487053 7.164946 0.382423
v -0.543937 7.232604 0.588607
v -0.621643 7.324537 0.663918
v -0.699348 7.416113 0.588174
v -0.756232 7.482797 0.381672
v -0.668980 7.618632 0.099480
v -0.651055 7.590382 -0.182325
v -0.602082 7.514533 -0.388491
v -0.535184 7.411408 -0.463775
v -0.468286 7.308639 -0.388005
v -0.419313 7.233764 -0.181484
v -0.401388 7.206844 0.100452
v -0.419313 7.235094 0.382257
v -0.468286 7.310944 0.588422
v -0.535184 7.414069 0.663706
v -0.602082 7.516838 0.587936
v -0.651055 7.591712 0.381415
v -0.549459 7.712934 0.099257
v -0.534737 7.682157 -0.182542
v -0.494513 7.599404 -0.388691
v -0.439568 7.486849 -0.463953
v -0.384622 7.374650 -0.388161
v -0.344398 7.292871 -0.181623
v -0.329676 7.263425 0.100318
v -0.344398 7.294201 0.382117
v -0.384622 7.376954 0.588267
v -0.439568 7.489510 0.663528
v -0.494513 7.601708 0.587736
v -0.534737 7.683487 0.381199
v -0.420538 7.788005 0.099080
v -0.409270 7.755218 -0.182714
v -0.378484 7.666969 -0.388851
v -0.336431 7.546906 -0.464095
v -0.294377 7.427200 -0.388285
v -0.263591 7.339926 -0.181734
v -0.252323 7.308469 0.100212
v -0.263591 7.341257 0.382006
v -0.294377 7.429505 0.588143
v -0.336431 7.549568 0.663387
v -0.378484 7.669274 0.587577
v -0.409270 7.756548 0.381026
v -0.284422 7.842566 0.098951
v -0.276800 7.808315 -0.182840
v -0.255979 7.716074 -0.388966
v -0.227537 7.590554 -0.464198
v -0.199095 7.465392 -0.388375
v -0.178274 7.374124 -0.181815
v -0.170653 7.341205 0.100135
v -0.178274 7.375454 0.381926
v -0.199095 7.467697 0.588052
v -0.227537 7.593215 0.663283
v -0.255979 7.718377 0.587461
v -0.276800 7.809646 0.380901
v -0.143438 7.875679 0.098873
v -0.139595 7.840542 -0.182916
v -0.129095 7.745875 -0.389037
v -0.114751 7.617045 -0.464260
v -0.100407 7.488572 -0.388429
v -0.089906 7.394879 -0.181864
v -0.086063 7.361073 0.100088
v -0.089906 7.396210 0.381877
v -0.100407 7.490876 0.587998
v -0.114751 7.619706 0.663221
v -0.129095 7.748181 0.587390
v -0.139595 7.841873 0.380825
v 0.000000 7.886781 0.098847
v 0.000000 7.851346 -0.182941
v 0.000000 7.755867 -0.389060
v 0.000000 7.625927 -0.464281
v 0.000000 7.496343 -0.388448
v 0.000000 7.401837 -0.181880
v 0.000000 7.367734 0.100072
v 0.000000 7.403168 0.381860
v 0.000000 7.498648 0.587979
v 0.000000 7.628588 0.663200
v 0.000000 7.758171 0.587367
v 0.000000 7.852677 0.380799
v 0.143438 7.875679 0.098873
v 0.139594 7.840542 -0.182916
v 0.129094 7.745876 -0.389037
v 0.114750 7.617045 -0.464260
v 0.100406 7.488572 -0.388429
v 0.089906 7.394879 -0.181864
v 0.086063 7.361073 0.100088
v 0.089906 7.396210 0.381877
v 0.100406 7.490876 0.587998
v 0.114750 7.619707 0.663221
v 0.129094 7.748181 0.587390
v 0.139594 7.841873 0.380825
v 0.284421 7.842566 0.098951
v 0.276800 7.808315 -0.182840
v 0.255979 7.716074 -0.388966
v 0.227537 7.590554 -0.464198
v 0.199094 7.465392 -0.388375
v 0.178273 7.374124 -0.181815
v 0.170652 7.341205 0.100135
v 0.178273 7.375454 0.381926
v 0.199094 7.467697 0.588052
v 0.227537 7.593216 0.663283
v 0.255979 7.718377 0.587461
v 0.276800 7.809647 0.380901
v 0.420538 7.788005 0.099080
v 0.409270 7.755218 -0.182714
v 0.378485 7.666969 -0.388851
v 0.336431 7.546906 -0.464095
v 0.294377 7.427200 -0.388285
v 0.263591 7.339926 -0.181734
v 0.252323 7.308469 0.100212
v 0.263591 7.341257 0.382006
v 0.294377 7.429505 0.588143
v 0.336431 7.549568 0.663387
v 0.378485 7.669274 0.587577
v 0.409270 7.756548 0.381026
v 0.549460 7.712934 0.099257
v 0.534737 7.682157 -0.182542
v 0.494514 7.599404 -0.388691
v 0.439568 7.486849 -0.463953
v 0.384622 7.374650 -0.388161
v 0.344398 7.292871 -0.181623
v 0.329676 7.263425 0.100318
v 0.344398 7.294201 0.382117
v 0.384622 7.376954 0.588267
v 0.439568 7.489510 0.663528
v 0.494514 7.601708 0.587736
v 0.534737 7.683487 0.381199
v 0.668979 7.618633 0.099480
v 0.651054 7.590383 -0.182325
v 0.602081 7.514534 -0.388491
v 0.535183 7.411408 -0.463775
v 0.468286 7.308639 -0.388005
v 0.419313 7.233764 -0.181484
v 0.401388 7.206844 0.100452
v 0.419313 7.235095 0.382257
v 0.468286 7.310945 0.588422
v 0.535183 7.414069 0.663706
v 0.602081 7.516838 0.587936
v 0.651054 7.591713 0.381415
v 0.777053 7.506718 0.099744
v 0.756232 7.481467 -0.182068
v 0.699347 7.413810 -0.388253
v 0.621642 7.321877 -0.463563
v 0.543937 7.230299 -0.387820
v 0.487053 7.163617 -0.181318
v 0.466232 7.139696 0.100610
v 0.487053 7.164947 0.382423
v 0.543937 7.232604 0.588607
v 0.621642 7.324537 0.663918
v 0.699347 7.416114 0.588174
v 0.756232 7.482797 0.381672
v 0.871831 7.379103 0.100045
v 0.848471 7.357271 -0.181775
v 0.784648 7.298956 -0.387982
v 0.697465 7.219784 -0.463322
v 0.610282 7.140969 -0.387609
v 0.546459 7.083628 -0.181129
v 0.523099 7.063126 0.100791
v 0.546459 7.084958 0.382611
v 0.610282 7.143273 0.588818
v 0.697465 7.222445 0.664159
v 0.784648 7.301260 0.588445
v 0.848471 7.358602 0.381965
v 0.951692 7.237972 0.100378
v 0.926191 7.219922 -0.181451
v 0.856523 7.171939 -0.387682
v 0.761353 7.106879 -0.463056
v 0.666184 7.042177 -0.387376
v 0.596516 6.995167 -0.180920
v 0.571015 6.978448 0.100991
v 0.596516 6.996498 0.382820
v 0.666184 7.044482 0.589051
v 0.761353 7.109541 0.664425
v 0.856523 7.174243 0.588745
v 0.926191 7.221252 0.382290
v 1.015269 7.085740 0.100738
v 0.988065 7.071769 -0.181101
v 0.913742 7.034930 -0.387359
v 0.812215 6.985095 -0.462768
v 0.710688 6.935615 -0.387124
v 0.636365 6.899750 -0.180695
v 0.609161 6.887110 0.101206
v 0.636365 6.901081 0.383045
v 0.710688 6.937919 0.589303
v 0.812215 6.987755 0.664713
v 0.913742 7.037235 0.589068
v 0.988065 7.073099 0.382639
v 1.061474 6.925011 0.101117
v 1.033032 6.915347 -0.180732
v 0.955327 6.890274 -0.387017
v 0.849180 6.856511 -0.462465
v 0.743032 6.823104 -0.386859
v 0.665327 6.799005 -0.180457
v 0.636885 6.790672 0.101434
v 0.665327 6.800336 0.383283
v 0.743032 6.825408 0.589568
v 0.849180 6.859172 0.665016
v 0.955327 6.892579 0.589410
v 1.033032 6.916677 0.383009
v 1.089518 6.758536 0.101510
v 1.060324 6.753333 -0.180350
v 0.980566 6.740446 -0.386664
v 0.871614 6.723330 -0.462151
v 0.762662 6.706572 -0.386584
v 0.682904 6.694660 -0.180211
v 0.653711 6.690786 0.101670
v 0.682904 6.695990 0.383529
v 0.762662 6.708876 0.589843
v 0.871614 6.725992 0.665330
v 0.980566 6.742751 0.589764
v 1.060324 6.754663 0.383391
v 0.004623 -1.156436 -0.591122
v 0.001536 -1.156436 0.939238
v 0.004457 0.651467 0.939259
v 0.007544 0.651467 -0.591102
v -1.349706 -0.569086 -0.552232
v -1.356096 -0.568801 0.881121
v -1.291359 0.859526 0.881837
v -1.284969 0.820948 -0.551516
v -2.994913 0.059091 -0.474307
v -3.012799 0.063750 0.722979
v -2.856010 1.225388 0.726578
v -2.838124 1.220729 -0.470708
v -4.373935 1.151436 -0.390281
v -4.386477 1.153151 0.405026
v -4.167767 1.836633 0.415507
v -4.155225 1.834918 -0.379800
v -5.522000 2.610342 -0.172413
v -5.514746 2.615029 0.160045
v -5.634352 2.781709 0.166947
v -5.641606 2.777022 -0.165511
v -5.816917 2.223462 0.009074
v -5.815951 2.224446 0.039079
v -5.827873 2.237487 0.039798
v -5.828839 2.236504 0.009793
v -4.795050 3.459201 0.119773
v -4.800210 3.496743 -0.321758
v -4.843627 3.859917 -0.275489
v -4.838467 3.822375 0.166041
v -4.425276 3.896653 0.001451
v -4.423082 3.902173 -0.039710
v -4.424280 3.938344 -0.035158
v -4.426474 3.932824 0.006003
v -0.673268 -0.752484 -0.571058
v -0.676256 -0.752484 0.909695
v -0.673430 0.728270 0.909714
v -0.670442 0.728270 -0.571038
v -2.496803 -0.132485 -0.497228
v -2.505530 -0.131515 0.770927
v -2.393768 1.119558 0.772637
v -2.385040 1.118589 -0.495518
v -1.952129 -0.341884 -0.524304
v -1.961411 -0.340854 0.824297
v -1.842559 0.989582 0.826115
v -1.833278 0.988551 -0.522486
v -3.998378 0.850500 -0.409538
v -4.018850 0.857877 0.486818
v -3.863818 1.707360 0.492100
v -3.843346 1.699983 -0.404256
v -3.539080 0.485987 -0.440452
v -3.562757 0.494519 0.596193
v -3.383461 1.476956 0.602302
v -3.359784 1.468424 -0.434344
v -5.350914 2.733984 -0.271729
v -5.352049 2.732233 0.252263
v -4.972949 3.039532 0.310425
v -4.966048 3.041466 -0.309831
v -5.040339 2.259275 -0.342117
v -5.046766 2.254883 0.331606
v -4.800848 2.749159 0.342961
v -4.794419 2.753551 -0.330762
v -4.792776 1.736880 -0.366190
v -4.799766 1.732104 0.366488
v -4.532326 2.269634 0.378837
v -4.525336 2.274410 -0.353841
v -5.507730 3.025239 0.212764
v -5.512362 3.026805 -0.214964
v -5.816521 2.223985 0.008833
v -5.815542 2.224982 0.039238
v -5.827624 2.238193 0.039967
v -5.828603 2.237196 0.009562
v -5.791001 2.257652 -0.006668
v -5.789193 2.259492 0.049490
v -5.811513 2.283887 0.050837
v -5.813321 2.282047 -0.005321
v -4.944634 3.268601 0.175884
v -4.982367 3.281363 -0.324233
v -5.065965 3.662802 -0.268631
v -5.028233 3.650039 0.231485
v -4.605639 3.689090 0.053874
v -4.593863 3.718729 -0.167121
v -4.600292 3.912932 -0.142682
v -4.612068 3.883293 0.078313
v -4.504698 3.805253 0.024535
v -4.498285 3.821394 -0.095815
v -4.501786 3.927154 -0.082506
v -4.508199 3.911013 0.037844
v -0.098846 -0.392666 -0.403864
v -0.073456 6.004374 -0.276215
v -0.193894 -0.392666 -0.375031
v -0.144088 6.004374 -0.254789
v -0.281491 -0.392666 -0.328210
v -0.209184 6.004374 -0.219995
v -0.358269 -0.392666 -0.265199
v -0.266240 6.004374 -0.173170
v -0.421280 -0.392666 -0.188420
v -0.313065 6.004374 -0.116113
v -0.468102 -0.392666 -0.100824
v -0.347860 6.004374 -0.051018
v -0.496934 -0.392666 -0.005776
v -0.369286 6.004374 0.019615
v -0.506670 -0.392666 0.093070
v -0.376521 6.004374 0.093070
v -0.496934 -0.392666 0.191917
v -0.369286 6.004374 0.166526
v -0.468102 -0.392666 0.286964
v -0.347860 6.004374 0.237159
v -0.421280 -0.392666 0.374561
v -0.313065 6.004374 0.302254
v -0.358269 -0.392666 0.451340
v -0.266240 6.004374 0.359311
v -0.281491 -0.392666 0.514351
v -0.209184 6.004374 0.406136
v -0.193894 -0.392666 0.561172
v -0.144088 6.004374 0.440930
v -0.098846 -0.392666 0.590004
v -0.073456 6.004374 0.462356
v 0.098846 -0.392666 0.590004
v 0.073456 6.004374 0.462356
v 0.193894 -0.392666 0.561172
v 0.144088 6.004374 0.440930
v 0.281491 -0.392666 0.514351
v 0.209184 6.004374 0.406136
v 0.358269 -0.392666 0.451340
v 0.266240 6.004374 0.359311
v 0.421280 -0.392666 0.374561
v 0.313065 6.004374 0.302254
v 0.468102 -0.392666 0.286964
v 0.347860 6.004374 0.237159
v 0.496934 -0.392666 0.191917
v 0.369286 6.004374 0.166526
v 0.506670 -0.392666 0.093070
v 0.376521 6.004374 0.093070
v 0.496934 -0.392666 -0.005776
v 0.369286 6.004374 0.019615
v 0.468102 -0.392666 -0.100824
v 0.347860 6.004374 -0.051018
v 0.421280 -0.392666 -0.188420
v 0.313065 6.004374 -0.116113
v 0.358269 -0.392666 -0.265199
v 0.266240 6.004374 -0.173170
v 0.281491 -0.392666 -0.328210
v 0.209184 6.004374 -0.219995
v 0.193894 -0.392666 -0.375031
v 0.144088 6.004374 -0.254789
v 0.098846 -0.392666 -0.403864
v 0.073456 6.004374 -0.276215
v -0.098846 2.805853 -0.403864
v -0.193894 2.805853 -0.375031
v -0.281491 2.805853 -0.328210
v -0.358269 2.805853 -0.265199
v -0.421280 2.805853 -0.188420
v -0.468102 2.805853 -0.100824
v -0.496934 2.805853 -0.005776
v -0.506670 2.805853 0.093070
v -0.496934 2.805853 0.191917
v -0.468102 2.805853 0.286964
v -0.421280 2.805853 0.374561
v -0.358269 2.805853 0.451340
v -0.281491 2.805853 0.514351
v -0.193894 2.805853 0.561172
v -0.098846 2.805853 0.590004
v 0.098846 2.805853 0.590004
v 0.193894 2.805853 0.561172
v 0.281491 2.805853 0.514351
v 0.358269 2.805853 0.451340
v 0.421280 2.805853 0.374561
v 0.468102 2.805853 0.286964
v 0.496934 2.805853 0.191917
v 0.506670 2.805853 0.093070
v 0.496934 2.805853 -0.005776
v 0.468102 2.805853 -0.100824
v 0.421280 2.805853 -0.188420
v 0.358269 2.805853 -0.265199
v 0.281491 2.805853 -0.328210
v 0.193894 2.805853 -0.375031
v 0.098846 2.805853 -0.403864
v -0.098846 4.405112 -0.403864
v -0.193894 4.405112 -0.375031
v -0.281491 4.405112 -0.328210
v -0.358269 4.405112 -0.265199
v -0.421280 4.405112 -0.188420
v -0.468102 4.405112 -0.100824
v -0.496934 4.405112 -0.005776
v -0.506670 4.405112 0.093070
v -0.496934 4.405112 0.191917
v -0.468102 4.405112 0.286964
v -0.421280 4.405112 0.374561
v -0.358269 4.405112 0.451340
v -0.281491 4.405112 0.514351
v -0.193894 4.405112 0.561172
v -0.098846 4.405112 0.590004
v 0.098846 4.405112 0.590004
v 0.193894 4.405112 0.561172
v 0.281491 4.405112 0.514351
v 0.358269 4.405112 0.451340
v 0.421280 4.405112 0.374561
v 0.468102 4.405112 0.286964
v 0.496934 4.405112 0.191917
v 0.506670 4.405112 0.093070
v 0.496934 4.405112 -0.005776
v 0.468102 4.405112 -0.100824
v 0.421280 4.405112 -0.188420
v 0.358269 4.405112 -0.265199
v 0.281491 4.405112 -0.328210
v 0.193894 4.405112 -0.375031
v 0.098846 4.405112 -0.403864
v -0.098846 5.204742 -0.403864
v -0.193894 5.204742 -0.375031
v -0.281491 5.204742 -0.328210
v -0.358269 5.204742 -0.265199
v -0.421280 5.204742 -0.188420
v -0.468102 5.204742 -0.100824
v -0.496934 5.204742 -0.005776
v -0.506670 5.204742 0.093070
v -0.496934 5.204742 0.191917
v -0.468102 5.204742 0.286964
v -0.421280 5.204742 0.374561
v -0.358269 5.204742 0.451340
v -0.281491 5.204742 0.514351
v -0.193894 5.204742 0.561172
v -0.098846 5.204742 0.590004
v 0.098846 5.204742 0.590004
v 0.193894 5.204742 0.561172
v 0.281491 5.204742 0.514351
v 0.358269 5.204742 0.451340
v 0.421280 5.204742 0.374561
v 0.468102 5.204742 0.286964
v 0.496934 5.204742 0.191917
v 0.506670 5.204742 0.093070
v 0.496934 5.204742 -0.005776
v 0.468102 5.204742 -0.100824
v 0.421280 5.204742 -0.188420
v 0.358269 5.204742 -0.265199
v 0.281491 5.204742 -0.328210
v 0.193894 5.204742 -0.375031
v 0.098846 5.204742 -0.403864
v -0.098846 5.604558 -0.403864
v -0.193894 5.604558 -0.375031
v -0.281491 5.604558 -0.328210
v -0.358269 5.604558 -0.265199
v -0.421280 5.604558 -0.188420
v -0.468102 5.604558 -0.100824
v -0.496934 5.604558 -0.005776
v -0.506670 5.604558 0.093070
v -0.496934 5.604558 0.191917
v -0.468102 5.604558 0.286964
v -0.421280 5.604558 0.374561
v -0.358269 5.604558 0.451340
v -0.281491 5.604558 0.514351
v -0.193894 5.604558 0.561172
v -0.098846 5.604558 0.590004
v 0.098846 5.604558 0.590004
v 0.193894 5.604558 0.561172
v 0.281491 5.604558 0.514351
v 0.358269 5.604558 0.451340
v 0.421280 5.604558 0.374561
v 0.468102 5.604558 0.286964
v 0.496934 5.604558 0.191917
v 0.506670 5.604558 0.093070
v 0.496934 5.604558 -0.005776
v 0.468102 5.604558 -0.100824
v 0.421280 5.604558 -0.188420
v 0.358269 5.604558 -0.265199
v 0.281491 5.604558 -0.328210
v 0.193894 5.604558 -0.375031
v 0.098846 5.604558 -0.403864
v 2.912176 4.370307 0.087488
v -2.912176 4.370307 0.087488
v 2.912176 4.368000 0.087565
v -2.912176 4.368000 0.087565
v 2.912176 4.367170 0.087792
v -2.912176 4.367170 0.087792
v 2.912176 4.366405 0.088161
v -2.912176 4.366405 0.088161
v 2.912176 4.365735 0.088658
v -2.912176 4.365735 0.088658
v 2.912176 4.365184 0.089263
v -2.912176 4.365184 0.089263
v 2.912176 4.364776 0.089953
v -2.912176 4.364775 0.089953
v 2.912176 4.364524 0.090702
v -2.912176 4.364524 0.090702
v 2.912176 4.364439 0.093070
v -2.912176 4.364439 0.093070
v 2.912176 4.364524 0.095439
v -2.912176 4.364524 0.095439
v 2.912176 4.364776 0.096188
v -2.912176 4.364775 0.096188
v 2.912176 4.365184 0.096878
v -2.912176 4.365184 0.096878
v 2.912176 4.365735 0.097483
v -2.912176 4.365735 0.097483
v 2.912176 4.366405 0.097979
v -2.912176 4.366405 0.097979
v 2.912176 4.367170 0.098348
v -2.912176 4.367170 0.098348
v 2.912176 4.368000 0.098576
v -2.912176 4.368000 0.098576
v 2.912176 4.370307 0.098652
v -2.912176 4.370307 0.098652
v 2.912176 4.372616 0.098576
v -2.912176 4.372615 0.098576
v 2.912176 4.373446 0.098348
v -2.912176 4.373446 0.098348
v 2.912176 4.374210 0.097979
v -2.912176 4.374210 0.097979
v 2.912176 4.374881 0.097483
v -2.912176 4.374881 0.097483
v 2.912176 4.375431 0.096878
v -2.912176 4.375431 0.096878
v 2.912176 4.375840 0.096188
v -2.912176 4.375840 0.096188
v 2.912176 4.376091 0.095439
v -2.912176 4.376091 0.095439
v 2.912176 4.376177 0.093070
v -2.912176 4.376177 0.093070
v 2.912176 4.376091 0.090702
v -2.912176 4.376091 0.090702
v 2.912176 4.375840 0.089953
v -2.912176 4.375840 0.089953
v 2.912176 4.375431 0.089263
v -2.912176 4.375431 0.089263
v 2.912176 4.374881 0.088658
v -2.912176 4.374881 0.088658
v 2.912176 4.374210 0.088161
v -2.912176 4.374210 0.088161
v 2.912176 4.373446 0.087792
v -2.912176 4.373446 0.087792
v 2.912176 4.372616 0.087565
v -2.912176 4.372615 0.087565
v -1.199613 4.370307 -0.202764
v -1.199613 4.306362 -0.197080
v -1.199613 4.244873 -0.180245
v -1.199613 4.188205 -0.152907
v -1.199613 4.138535 -0.116116
v -1.199613 4.097772 -0.071287
v -1.199613 4.067482 -0.020141
v -1.199613 4.048830 0.035356
v -1.199613 4.042532 0.093070
v -1.199613 4.048830 0.150785
v -1.199613 4.067482 0.206281
v -1.199613 4.097772 0.257427
v -1.199613 4.138535 0.302257
v -1.199613 4.188205 0.339048
v -1.199613 4.244873 0.366386
v -1.199613 4.306362 0.383221
v -1.199613 4.370307 0.388905
v -1.199613 4.434254 0.383221
v -1.199613 4.495742 0.366386
v -1.199613 4.552410 0.339048
v -1.199613 4.602080 0.302257
v -1.199613 4.642843 0.257427
v -1.199613 4.673133 0.206281
v -1.199613 4.691785 0.150785
v -1.199613 4.698084 0.093070
v -1.199613 4.691785 0.035356
v -1.199613 4.673133 -0.020141
v -1.199613 4.642843 -0.071287
v -1.199613 4.602080 -0.116116
v -1.199613 4.552410 -0.152907
v -1.199613 4.495742 -0.180245
v -1.199613 4.434254 -0.197080
v -0.599806 4.306362 -0.197080
v -0.599806 4.244873 -0.180245
v -0.599806 4.188205 -0.152907
v -0.599806 4.138535 -0.116116
v -0.599806 4.097772 -0.071287
v -0.599806 4.067482 -0.020141
v -0.599806 4.048830 0.035356
v -0.599806 4.042532 0.093070
v -0.599806 4.048830 0.150785
v -0.599806 4.067482 0.206281
v -0.599806 4.097772 0.257427
v -0.599806 4.138535 0.302257
v -0.599806 4.188205 0.339048
v -0.599806 4.244873 0.366386
v -0.599806 4.306362 0.383221
v -0.599806 4.370307 0.388905
v -0.599806 4.434254 0.383221
v -0.599806 4.495742 0.366386
v -0.599806 4.552410 0.339048
v -0.599806 4.602080 0.302257
v -0.599806 4.642843 0.257427
v -0.599806 4.673133 0.206281
v -0.599806 4.691785 0.150785
v -0.599806 4.698084 0.093070
v -0.599806 4.691785 0.035356
v -0.599806 4.673133 -0.020141
v -0.599806 4.642843 -0.071287
v -0.599806 4.602080 -0.116116
v -0.599806 4.552410 -0.152907
v -0.599806 4.495742 -0.180245
v -0.599806 4.434254 -0.197080
v -0.599806 4.370307 -0.202764
v -0.299903 4.306362 -0.197080
v -0.299903 4.244873 -0.180245
v -0.299903 4.188205 -0.152907
v -0.299903 4.138535 -0.116116
v -0.299903 4.097772 -0.071287
v -0.299903 4.067482 -0.020141
v -0.299903 4.048830 0.035356
v -0.299903 4.042532 0.093070
v -0.299903 4.048830 0.150785
v -0.299903 4.067482 0.206281
v -0.299903 4.097772 0.257427
v -0.299903 4.138535 0.302257
v -0.299903 4.188205 0.339048
v -0.299903 4.244873 0.366386
v -0.299903 4.306362 0.383221
v -0.299903 4.370307 0.388905
v -0.299903 4.434254 0.383221
v -0.299903 4.495742 0.366386
v -0.299903 4.552410 0.339048
v -0.299903 4.602080 0.302257
v -0.299903 4.642843 0.257427
v -0.299903 4.673133 0.206281
v -0.299903 4.691785 0.150785
v -0.299903 4.698084 0.093070
v -0.299903 4.691785 0.035356
v -0.299903 4.673133 -0.020141
v -0.299903 4.642843 -0.071287
v -0.299903 4.602080 -0.116116
v -0.299903 4.552410 -0.152907
v -0.299903 4.495742 -0.180245
v -0.299903 4.434254 -0.197080
v -0.299903 4.370307 -0.202764
v -0.449855 4.370307 -0.202764
v -0.449855 4.306362 -0.197080
v -0.449855 4.244873 -0.180245
v -0.449855 4.188205 -0.152907
v -0.449855 4.138535 -0.116116
v -0.449855 4.097772 -0.071287
v -0.449855 4.067482 -0.020141
v -0.449855 4.048830 0.035356
v -0.449855 4.042532 0.093070
v -0.449855 4.048830 0.150785
v -0.449855 4.067482 0.206281
v -0.449855 4.097772 0.257427
v -0.449855 4.138535 0.302257
v -0.449855 4.188205 0.339048
v -0.449855 4.244873 0.366386
v -0.449855 4.306362 0.383221
v -0.449855 4.370307 0.388905
v -0.449855 4.434254 0.383221
v -0.449855 4.495742 0.366386
v -0.449855 4.552410 0.339048
v -0.449855 4.602080 0.302257
v -0.449855 4.642843 0.257427
v -0.449855 4.673133 0.206281
v -0.449855 4.691785 0.150785
v -0.449855 4.698084 0.093070
v -0.449855 4.691785 0.035356
v -0.449855 4.673133 -0.020141
v -0.449855 4.642843 -0.071287
v -0.449855 4.602080 -0.116116
v -0.449855 4.552410 -0.152907
v -0.449855 4.495742 -0.180245
v -0.449855 4.434254 -0.197080
v 2.912176 4.374546 0.088410
v -2.912176 4.374546 0.088410
v -1.199613 4.577245 -0.134512
v -0.599806 4.577245 -0.134512
v -0.299903 4.577245 -0.134512
v -0.449855 4.577245 -0.134512
v -1.799419 4.370307 -0.202764
v -1.799419 4.306362 -0.197080
v -1.799419 4.244873 -0.180245
v -1.799419 4.188205 -0.152907
v -1.799419 4.138535 -0.116116
v -1.799419 4.097772 -0.071287
v -1.799419 4.067482 -0.020141
v -1.799419 4.048830 0.035356
v -1.799419 4.042532 0.093070
v -1.799419 4.048830 0.150785
v -1.799419 4.067482 0.206281
v -1.799419 4.097772 0.257427
v -1.799419 4.138535 0.302257
v -1.799419 4.188205 0.339048
v -1.799419 4.244873 0.366386
v -1.799419 4.306362 0.383221
v -1.799419 4.370307 0.388905
v -1.799419 4.434254 0.383221
v -1.799419 4.495742 0.366386
v -1.799419 4.552410 0.339048
v -1.799419 4.602080 0.302257
v -1.799419 4.642843 0.257427
v -1.799419 4.673133 0.206281
v -1.799419 4.691785 0.150785
v -1.799419 4.698084 0.093070
v -1.799419 4.691785 0.035356
v -1.799419 4.673133 -0.020141
v -1.799419 4.642843 -0.071287
v -1.799419 4.602080 -0.116116
v -1.799419 4.552410 -0.152907
v -1.799419 4.495742 -0.180245
v -1.799419 4.434254 -0.197080
v -1.799419 4.577245 -0.134512
v -2.099323 4.370307 -0.202764
v -2.099323 4.306362 -0.197080
v -2.099323 4.244873 -0.180245
v -2.099323 4.188205 -0.152907
v -2.099323 4.138535 -0.116116
v -2.099323 4.097772 -0.071287
v -2.099323 4.067482 -0.020141
v -2.099323 4.048830 0.035356
v -2.099323 4.042532 0.093070
v -2.099323 4.048830 0.150785
v -2.099323 4.067482 0.206281
v -2.099323 4.097772 0.257427
v -2.099323 4.138535 0.302257
v -2.099323 4.188205 0.339048
v -2.099323 4.244873 0.366386
v -2.099323 4.306362 0.383221
v -2.099323 4.370307 0.388905
v -2.099323 4.434254 0.383221
v -2.099323 4.495742 0.366386
v -2.099323 4.552410 0.339048
v -2.099323 4.602080 0.302257
v -2.099323 4.642843 0.257427
v -2.099323 4.673133 0.206281
v -2.099323 4.691785 0.150785
v -2.099323 4.698084 0.093070
v -2.099323 4.691785 0.035356
v -2.099323 4.673133 -0.020141
v -2.099323 4.642843 -0.071287
v -2.099323 4.602080 -0.116116
v -2.099323 4.552410 -0.152907
v -2.099323 4.495742 -0.180245
v -2.099323 4.434254 -0.197080
v -2.099323 4.577245 -0.134512
v -2.249274 4.370307 -0.202764
v -2.249274 4.306362 -0.197080
v -2.249274 4.244873 -0.180245
v -2.249274 4.188205 -0.152907
v -2.249274 4.138535 -0.116116
v -2.249274 4.097772 -0.071287
v -2.249274 4.067482 -0.020141
v -2.249274 4.048830 0.035356
v -2.249274 4.042532 0.093070
v -2.249274 4.048830 0.150785
v -2.249274 4.067482 0.206281
v -2.249274 4.097772 0.257427
v -2.249274 4.138535 0.302257
v -2.249274 4.188205 0.339048
v -2.249274 4.244873 0.366386
v -2.249274 4.306362 0.383221
v -2.249274 4.370307 0.388905
v -2.249274 4.434254 0.383221
v -2.249274 4.495742 0.366386
v -2.249274 4.552410 0.339048
v -2.249274 4.602080 0.302257
v -2.249274 4.642843 0.257427
v -2.249274 4.673133 0.206281
v -2.249274 4.691785 0.150785
v -2.249274 4.698084 0.093070
v -2.249274 4.691785 0.035356
v -2.249274 4.673133 -0.020141
v -2.249274 4.642843 -0.071287
v -2.249274 4.602080 -0.116116
v -2.249274 4.552410 -0.152907
v -2.249274 4.495742 -0.180245
v -2.249274 4.434254 -0.197080
v -2.249274 4.577245 -0.134512
v 1.199613 4.306362 -0.197080
v 1.199613 4.244873 -0.180245
v 1.199613 4.188205 -0.152907
v 1.199613 4.138535 -0.116116
v 1.199613 4.097772 -0.071287
v 1.199613 4.067483 -0.020141
v 1.199613 4.048830 0.035356
v 1.199613 4.042532 0.093070
v 1.199613 4.048830 0.150785
v 1.199613 4.067483 0.206281
v 1.199613 4.097772 0.257427
v 1.199613 4.138535 0.302257
v 1.199613 4.188205 0.339048
v 1.199613 4.244873 0.366386
v 1.199613 4.306362 0.383221
v 1.199613 4.370307 0.388905
v 1.199613 4.434254 0.383221
v 1.199613 4.495742 0.366386
v 1.199613 4.552410 0.339048
v 1.199613 4.602080 0.302257
v 1.199613 4.642844 0.257427
v 1.199613 4.673133 0.206281
v 1.199613 4.691785 0.150785
v 1.199613 4.698084 0.093070
v 1.199613 4.691785 0.035356
v 1.199613 4.673133 -0.020141
v 1.199613 4.642844 -0.071287
v 1.199613 4.602080 -0.116116
v 1.199613 4.552410 -0.152907
v 1.199613 4.495742 -0.180245
v 1.199613 4.434254 -0.197080
v 1.199613 4.370307 -0.202764
v 1.199613 4.577245 -0.134512
v 1.799419 4.306362 -0.197080
v 1.799419 4.244874 -0.180245
v 1.799419 4.188205 -0.152907
v 1.799419 4.138535 -0.116116
v 1.799419 4.097772 -0.071287
v 1.799419 4.067483 -0.020141
v 1.799419 4.048830 0.035356
v 1.799419 4.042532 0.093070
v 1.799419 4.048830 0.150785
v 1.799419 4.067483 0.206281
v 1.799419 4.097772 0.257427
v 1.799419 4.138535 0.302257
v 1.799419 4.188205 0.339048
v 1.799419 4.244874 0.366386
v 1.799419 4.306362 0.383221
v 1.799419 4.370307 0.388905
v 1.799419 4.434254 0.383221
v 1.799419 4.495742 0.366386
v 1.799419 4.552410 0.339048
v 1.799419 4.602080 0.302257
v 1.799419 4.642844 0.257427
v 1.799419 4.673133 0.206281
v 1.799419 4.691785 0.150785
v 1.799419 4.698084 0.093070
v 1.799419 4.691785 0.035356
v 1.799419 4.673133 -0.020141
v 1.799419 4.642844 -0.071287
v 1.799419 4.602080 -0.116116
v 1.799419 4.552410 -0.152907
v 1.799419 4.495742 -0.180245
v 1.799419 4.434254 -0.197080
v 1.799419 4.577245 -0.134512
v 1.799419 4.370307 -0.202764
v 2.099323 4.306362 -0.197080
v 2.099323 4.244874 -0.180245
v 2.099323 4.188205 -0.152907
v 2.099323 4.138535 -0.116116
v 2.099323 4.097772 -0.071287
v 2.099323 4.067483 -0.020141
v 2.099323 4.048830 0.035356
v 2.099323 4.042532 0.093070
v 2.099323 4.048830 0.150785
v 2.099323 4.067483 0.206281
v 2.099323 4.097772 0.257427
v 2.099323 4.138535 0.302257
v 2.099323 4.188205 0.339048
v 2.099323 4.244874 0.366386
v 2.099323 4.306362 0.383221
v 2.099323 4.370307 0.388905
v 2.099323 4.434254 0.383221
v 2.099323 4.495742 0.366386
v 2.099323 4.552410 0.339048
v 2.099323 4.602080 0.302257
v 2.099323 4.642844 0.257427
v 2.099323 4.673133 0.206281
v 2.099323 4.691785 0.150785
v 2.099323 4.698084 0.093070
v 2.099323 4.691785 0.035356
v 2.099323 4.673133 -0.020141
v 2.099323 4.642844 -0.071287
v 2.099323 4.602080 -0.116116
v 2.099323 4.552410 -0.152907
v 2.099323 4.495742 -0.180245
v 2.099323 4.434254 -0.197080
v 2.099323 4.577245 -0.134512
v 2.099323 4.370307 -0.202764
v 2.249274 4.306362 -0.197080
v 2.249274 4.244874 -0.180245
v 2.249274 4.188205 -0.152907
v 2.249274 4.138535 -0.116116
v 2.249274 4.097772 -0.071287
v 2.249274 4.067483 -0.020141
v 2.249274 4.048830 0.035356
v 2.249274 4.042532 0.093070
v 2.249274 4.048830 0.150785
v 2.249274 4.067483 0.206281
v 2.249274 4.097772 0.257427
v 2.249274 4.138535 0.302257
v 2.249274 4.188205 0.339048
v 2.249274 4.244874 0.366386
v 2.249274 4.306362 0.383221
v 2.249274 4.370307 0.388905
v 2.249274 4.434254 0.383221
v 2.249274 4.495742 0.366386
v 2.249274 4.552410 0.339048
v 2.249274 4.602080 0.302257
v 2.249274 4.642844 0.257427
v 2.249274 4.673133 0.206281
v 2.249274 4.691785 0.150785
v 2.249274 4.698084 0.093070
v 2.249274 4.691785 0.035356
v 2.249274 4.673133 -0.020141
v 2.249274 4.642844 -0.071287
v 2.249274 4.602080 -0.116116
v 2.249274 4.552410 -0.152907
v 2.249274 4.495742 -0.180245
v 2.249274 4.434254 -0.197080
v 2.249274 4.577245 -0.134512
v 2.249274 4.370307 -0.202764
v 2.174299 4.370307 -0.202764
v 2.174299 4.306362 -0.197080
v 2.174299 4.244874 -0.180245
v 2.174299 4.188205 -0.152907
v 2.174299 4.138535 -0.116116
v 2.174299 4.097772 -0.071287
v 2.174299 4.067483 -0.020141
v 2.174299 4.048830 0.035356
v 2.174299 4.042532 0.093070
v 2.174299 4.048830 0.150785
v 2.174299 4.067483 0.206281
v 2.174299 4.097772 0.257427
v 2.174299 4.138535 0.302257
v 2.174299 4.188205 0.339048
v 2.174299 4.244874 0.366386
v 2.174299 4.306362 0.383221
v 2.174299 4.370307 0.388905
v 2.174299 4.434254 0.383221
v 2.174299 4.495742 0.366386
v 2.174299 4.552410 0.339048
v 2.174299 4.602080 0.302257
v 2.174299 4.642844 0.257427
v 2.174299 4.673133 0.206281
v 2.174299 4.691785 0.150785
v 2.174299 4.698084 0.093070
v 2.174299 4.691785 0.035356
v 2.174299 4.673133 -0.020141
v 2.174299 4.642844 -0.071287
v 2.174299 4.602080 -0.116116
v 2.174299 4.552410 -0.152907
v 2.174299 4.495742 -0.180245
v 2.174299 4.434254 -0.197080
v 2.174299 4.577245 -0.134512
v -1.098919 6.589162 0.101910
v -1.069474 6.588497 -0.179961
v -0.989027 6.588010 -0.386304
v -0.879135 6.587832 -0.461831
v -0.769243 6.588010 -0.386304
v -0.688797 6.588497 -0.179961
v -0.659352 6.589162 0.101910
v -0.688797 6.589828 0.383780
v -0.769243 6.590315 0.590123
v -0.879135 6.590493 0.665650
v -0.989027 6.590315 0.590123
v -1.069474 6.589828 0.383780
v -1.089518 6.419790 0.102310
v -1.060324 6.423663 -0.179571
v -0.980566 6.435575 -0.385944
v -0.871614 6.452334 -0.461511
v -0.762662 6.469449 -0.386024
v -0.682904 6.482335 -0.179710
v -0.653711 6.487539 0.102150
v -0.682904 6.483666 0.384031
v -0.762662 6.471754 0.590403
v -0.871614 6.454995 0.665970
v -0.980566 6.437879 0.590483
v -1.060324 6.424993 0.384169
v -1.061474 6.253314 0.102702
v -1.033032 6.261648 -0.179189
v -0.955327 6.285747 -0.385590
v -0.849179 6.319153 -0.461197
v -0.743032 6.352917 -0.385749
v -0.665327 6.377990 -0.179464
v -0.636885 6.387654 0.102385
v -0.665327 6.379320 0.384277
v -0.743032 6.355222 0.590678
v -0.849179 6.321815 0.666284
v -0.955327 6.288052 0.590837
v -1.033032 6.262979 0.384551
v -1.015269 6.092586 0.103082
v -0.988065 6.105226 -0.178820
v -0.913742 6.141091 -0.385249
v -0.812215 6.190571 -0.460893
v -0.710688 6.240407 -0.385483
v -0.636365 6.277246 -0.179226
v -0.609161 6.291216 0.102613
v -0.636365 6.278576 0.384515
v -0.710688 6.242712 0.590944
v -0.812215 6.193232 0.666588
v -0.913742 6.143396 0.591178
v -0.988065 6.106557 0.384921
v -0.951692 5.940354 0.103441
v -0.926191 5.957073 -0.178470
v -0.856523 6.004082 -0.384926
v -0.761353 6.068785 -0.460606
v -0.666184 6.133844 -0.385232
v -0.596516 6.181827 -0.179001
v -0.571015 6.199877 0.102829
v -0.596516 6.183157 0.384740
v -0.666184 6.136149 0.591195
v -0.761353 6.071445 0.666875
v -0.856523 6.006387 0.591502
v -0.926191 5.958403 0.385270
v -0.871831 5.799223 0.103774
v -0.848471 5.819724 -0.178146
v -0.784648 5.877065 -0.384626
v -0.697465 5.955880 -0.460339
v -0.610282 6.035053 -0.384999
v -0.546459 6.093367 -0.178792
v -0.523099 6.115199 0.103028
v -0.546459 6.094698 0.384949
v -0.610282 6.037357 0.591429
v -0.697465 5.958542 0.667142
v -0.784648 5.879369 0.591801
v -0.848471 5.821054 0.385595
v -0.777053 5.671608 0.104075
v -0.756232 5.695529 -0.177853
v -0.699348 5.762211 -0.384355
v -0.621643 5.853788 -0.460098
v -0.543937 5.945722 -0.384788
v -0.487053 6.013379 -0.178603
v -0.466232 6.038630 0.103209
v -0.487053 6.014709 0.385137
v -0.543937 5.948027 0.591639
v -0.621643 5.856450 0.667383
v -0.699348 5.764516 0.592072
v -0.756232 5.696859 0.385888
v -0.668980 5.559693 0.104340
v -0.651054 5.586613 -0.177596
v -0.602082 5.661488 -0.384117
v -0.535184 5.764256 -0.459887
v -0.468286 5.867382 -0.384603
v -0.419313 5.943231 -0.178437
v -0.401388 5.971481 0.103368
v -0.419313 5.944562 0.385303
v -0.468286 5.869687 0.591824
v -0.535184 5.766918 0.667594
v -0.602082 5.663793 0.592310
v -0.651054 5.587943 0.386145
v -0.549460 5.465393 0.104562
v -0.534737 5.494838 -0.177379
v -0.494514 5.576617 -0.383917
v -0.439568 5.688816 -0.459709
v -0.384622 5.801371 -0.384447
v -0.344398 5.884124 -0.178298
v -0.329676 5.914900 0.103501
v -0.344398 5.885455 0.385443
v -0.384622 5.803676 0.591980
v -0.439568 5.691477 0.667772
v -0.494514 5.578922 0.592511
v -0.534737 5.496169 0.386361
v -0.420538 5.390320 0.104739
v -0.409270 5.421778 -0.177207
v -0.378485 5.509052 -0.383757
v -0.336431 5.628758 -0.459567
v -0.294377 5.748820 -0.384323
v -0.263591 5.837069 -0.178187
v -0.252323 5.869857 0.103608
v -0.263591 5.838399 0.385554
v -0.294377 5.751125 0.592104
v -0.336431 5.631419 0.667914
v -0.378485 5.511357 0.592670
v -0.409270 5.423108 0.386534
v -0.284421 5.335760 0.104868
v -0.276800 5.368680 -0.177081
v -0.255979 5.459948 -0.383641
v -0.227537 5.585110 -0.459464
v -0.199095 5.710628 -0.384233
v -0.178274 5.802871 -0.178106
v -0.170653 5.837121 0.103685
v -0.178274 5.804202 0.385634
v -0.199095 5.712933 0.592194
v -0.227537 5.587771 0.668017
v -0.255979 5.462253 0.592786
v -0.276800 5.370010 0.386659
v -0.143438 5.302646 0.104946
v -0.139594 5.336452 -0.177005
v -0.129094 5.430145 -0.383571
v -0.114750 5.558619 -0.459402
v -0.100406 5.687449 -0.384178
v -0.089906 5.782115 -0.178057
v -0.086063 5.817253 0.103732
v -0.089906 5.783445 0.385683
v -0.100406 5.689753 0.592249
v -0.114750 5.561280 0.668079
v -0.129094 5.432450 0.592856
v -0.139594 5.337783 0.386735
v 0.143438 5.302646 0.104946
v 0.139594 5.336452 -0.177005
v 0.129094 5.430145 -0.383571
v 0.114750 5.558619 -0.459402
v 0.100407 5.687449 -0.384178
v 0.089906 5.782115 -0.178057
v 0.086063 5.817253 0.103732
v 0.089906 5.783445 0.385683
v 0.100407 5.689753 0.592249
v 0.114750 5.561280 0.668079
v 0.129094 5.432450 0.592856
v 0.139594 5.337783 0.386735
v 0.284421 5.335760 0.104868
v 0.276800 5.368680 -0.177081
v 0.255979 5.459948 -0.383641
v 0.227537 5.585110 -0.459464
v 0.199095 5.710628 -0.384233
v 0.178274 5.802871 -0.178106
v 0.170653 5.837121 0.103685
v 0.178274 5.804201 0.385634
v 0.199095 5.712933 0.592194
v 0.227537 5.587771 0.668017
v 0.255979 5.462253 0.592786
v 0.276800 5.370010 0.386659
v 0.420538 5.390320 0.104739
v 0.409270 5.421778 -0.177207
v 0.378484 5.509052 -0.383757
v 0.336431 5.628757 -0.459567
v 0.294377 5.748820 -0.384323
v 0.263591 5.837069 -0.178187
v 0.252323 5.869857 0.103608
v 0.263591 5.838399 0.385554
v 0.294377 5.751125 0.592104
v 0.336431 5.631419 0.667914
v 0.378484 5.511356 0.592670
v 0.409270 5.423108 0.386534
v 0.549459 5.465393 0.104562
v 0.534737 5.494838 -0.177379
v 0.494513 5.576617 -0.383917
v 0.439568 5.688816 -0.459709
v 0.384622 5.801371 -0.384447
v 0.344398 5.884124 -0.178298
v 0.329676 5.914900 0.103501
v 0.344398 5.885455 0.385443
v 0.384622 5.803676 0.591980
v 0.439568 5.691477 0.667772
v 0.494513 5.578922 0.592511
v 0.534737 5.496169 0.386361
v 0.668980 5.559693 0.104340
v 0.651054 5.586613 -0.177596
v 0.602082 5.661488 -0.384117
v 0.535184 5.764256 -0.459887
v 0.468286 5.867382 -0.384603
v 0.419313 5.943231 -0.178437
v 0.401388 5.971481 0.103368
v 0.419313 5.944561 0.385303
v 0.468286 5.869686 0.591824
v 0.535184 5.766918 0.667594
v 0.602082 5.663793 0.592310
v 0.651054 5.587943 0.386145
v 0.777053 5.671608 0.104075
v 0.756232 5.695529 -0.177853
v 0.699348 5.762211 -0.384355
v 0.621643 5.853789 -0.460098
v 0.543937 5.945722 -0.384788
v 0.487053 6.013379 -0.178603
v 0.466232 6.038630 0.103209
v 0.487053 6.014709 0.385137
v 0.543937 5.948027 0.591639
v 0.621643 5.856450 0.667383
v 0.699348 5.764516 0.592072
v 0.756232 5.696859 0.385888
v 0.871831 5.799223 0.103774
v 0.848470 5.819724 -0.178146
v 0.784648 5.877065 -0.384626
v 0.697465 5.955880 -0.460339
v 0.610282 6.035052 -0.384999
v 0.546459 6.093367 -0.178792
v 0.523099 6.115199 0.103028
v 0.546459 6.094697 0.384949
v 0.610282 6.037357 0.591429
v 0.697465 5.958541 0.667142
v 0.784648 5.879369 0.591801
v 0.848470 5.821054 0.385595
v 0.951692 5.940354 0.103441
v 0.926191 5.957073 -0.178470
v 0.856523 6.004082 -0.384926
v 0.761353 6.068785 -0.460606
v 0.666184 6.133844 -0.385232
v 0.596515 6.181827 -0.179001
v 0.571015 6.199877 0.102829
v 0.596515 6.183157 0.384740
v 0.666184 6.136148 0.591195
v 0.761353 6.071445 0.666875
v 0.856523 6.006387 0.591502
v 0.926191 5.958403 0.385270
v 1.015269 6.092585 0.103082
v 0.988065 6.105226 -0.178820
v 0.913742 6.141091 -0.385249
v 0.812215 6.190570 -0.460893
v 0.710688 6.240407 -0.385483
v 0.636365 6.277246 -0.179226
v 0.609161 6.291216 0.102613
v 0.636365 6.278576 0.384515
v 0.710688 6.242711 0.590944
v 0.812215 6.193232 0.666588
v 0.913742 6.143396 0.591178
v 0.988065 6.106557 0.384921
v 1.061474 6.253315 0.102702
v 1.033032 6.261648 -0.179189
v 0.955327 6.285747 -0.385590
v 0.849180 6.319154 -0.461197
v 0.743032 6.352917 -0.385749
v 0.665327 6.377990 -0.179464
v 0.636885 6.387654 0.102385
v 0.665327 6.379321 0.384277
v 0.743032 6.355222 0.590678
v 0.849180 6.321815 0.666284
v 0.955327 6.288052 0.590837
v 1.033032 6.262979 0.384551
v 1.089518 6.419789 0.102310
v 1.060324 6.423663 -0.179571
v 0.980566 6.435575 -0.385944
v 0.871614 6.452333 -0.461511
v 0.762662 6.469449 -0.386024
v 0.682904 6.482335 -0.179710
v 0.653711 6.487538 0.102150
v 0.682904 6.483666 0.384031
v 0.762662 6.471754 0.590403
v 0.871614 6.454995 0.665970
v 0.980566 6.437879 0.590483
v 1.060324 6.424993 0.384169
v 1.098919 6.589162 0.101910
v 1.069474 6.588497 -0.179961
v 0.989027 6.588010 -0.386304
v 0.879135 6.587832 -0.461831
v 0.769243 6.588010 -0.386304
v 0.688797 6.588497 -0.179961
v 0.659352 6.589162 0.101910
v 0.688797 6.589828 0.383780
v 0.769243 6.590315 0.590123
v 0.879135 6.590493 0.665650
v 0.989027 6.590315 0.590123
v 1.069474 6.589828 0.383780
v 1.089518 6.758536 0.101510
v 1.060324 6.753333 -0.180350
v 0.980566 6.740447 -0.386664
v 0.871614 6.723330 -0.462151
v 0.762662 6.706572 -0.386584
v 0.682904 6.694660 -0.180211
v 0.653711 6.690787 0.101670
v 0.682904 6.695990 0.383529
v 0.762662 6.708877 0.589843
v 0.871614 6.725992 0.665330
v 0.980566 6.742751 0.589764
v 1.060324 6.754663 0.383391
v 1.061474 6.925011 0.101117
v 1.033032 6.915347 -0.180732
v 0.955327 6.890274 -0.387017
v 0.849180 6.856511 -0.462465
v 0.743032 6.823104 -0.386859
v 0.665327 6.799005 -0.180457
v 0.636885 6.790672 0.101434
v 0.665327 6.800336 0.383283
v 0.743032 6.825409 0.589568
v 0.849180 6.859172 0.665016
v 0.955327 6.892579 0.589410
v 1.033032 6.916677 0.383009
v 1.015269 7.085739 0.100738
v 0.988065 7.071768 -0.181101
v 0.913742 7.034929 -0.387359
v 0.812215 6.985094 -0.462768
v 0.710688 6.935615 -0.387124
v 0.636365 6.899749 -0.180695
v 0.609161 6.887109 0.101206
v 0.636365 6.901080 0.383045
v 0.710688 6.937919 0.589303
v 0.812215 6.987754 0.664713
v 0.913742 7.037234 0.589068
v 0.988065 7.073099 0.382639
v 0.951692 7.237971 0.100378
v 0.926191 7.219922 -0.181451
v 0.856523 7.171939 -0.387682
v 0.761354 7.106879 -0.463056
v 0.666184 7.042176 -0.387376
v 0.596516 6.995167 -0.180920
v 0.571015 6.978448 0.100991
v 0.596516 6.996498 0.382820
v 0.666184 7.044481 0.589051
v 0.761354 7.109540 0.664425
v 0.856523 7.174243 0.588745
v 0.926191 7.221252 0.382290
v 0.871831 7.379103 0.100045
v 0.848470 7.357271 -0.181775
v 0.784648 7.298956 -0.387982
v 0.697465 7.219784 -0.463322
v 0.610282 7.140969 -0.387609
v 0.546459 7.083628 -0.181129
v 0.523099 7.063126 0.100791
v 0.546459 7.084958 0.382611
v 0.610282 7.143273 0.588818
v 0.697465 7.222445 0.664159
v 0.784648 7.301260 0.588445
v 0.848470 7.358602 0.381965
v 0.777053 7.506718 0.099744
v 0.756232 7.481467 -0.182068
v 0.699348 7.413809 -0.388253
v 0.621643 7.321876 -0.463563
v 0.543937 7.230298 -0.387820
v 0.487053 7.163616 -0.181318
v 0.466232 7.139695 0.100610
v 0.487053 7.164946 0.382423
v 0.543937 7.232604 0.588607
v 0.621643 7.324537 0.663918
v 0.699348 7.416113 0.588174
v 0.756232 7.482797 0.381672
v 0.668980 7.618632 0.099480
v 0.651055 7.590382 -0.182325
v 0.602082 7.514533 -0.388491
v 0.535184 7.411408 -0.463775
v 0.468286 7.308639 -0.388005
v 0.419313 7.233764 -0.181484
v 0.401388 7.206844 0.100452
v 0.419313 7.235094 0.382257
v 0.468286 7.310944 0.588422
v 0.535184 7.414069 0.663706
v 0.602082 7.516838 0.587936
v 0.651055 7.591712 0.381415
v 0.549459 7.712934 0.099257
v 0.534737 7.682157 -0.182542
v 0.494513 7.599404 -0.388691
v 0.439568 7.486849 -0.463953
v 0.384622 7.374650 -0.388161
v 0.344398 7.292871 -0.181623
v 0.329676 7.263425 0.100318
v 0.344398 7.294201 0.382117
v 0.384622 7.376954 0.588267
v 0.439568 7.489510 0.663528
v 0.494513 7.601708 0.587736
v 0.534737 7.683487 0.381199
v 0.420538 7.788005 0.099080
v 0.409270 7.755218 -0.182714
v 0.378484 7.666969 -0.388851
v 0.336431 7.546906 -0.464095
v 0.294377 7.427200 -0.388285
v 0.263591 7.339926 -0.181734
v 0.252323 7.308469 0.100212
v 0.263591 7.341257 0.382006
v 0.294377 7.429505 0.588143
v 0.336431 7.549568 0.663387
v 0.378484 7.669274 0.587577
v 0.409270 7.756548 0.381026
v 0.284422 7.842566 0.098951
v 0.276800 7.808315 -0.182840
v 0.255979 7.716074 -0.388966
v 0.227537 7.590554 -0.464198
v 0.199095 7.465392 -0.388375
v 0.178274 7.374124 -0.181815
v 0.170653 7.341205 0.100135
v 0.178274 7.375454 0.381926
v 0.199095 7.467697 0.588052
v 0.227537 7.593215 0.663283
v 0.255979 7.718377 0.587461
v 0.276800 7.809646 0.380901
v 0.143438 7.875679 0.098873
v 0.139595 7.840542 -0.182916
v 0.129095 7.745875 -0.389037
v 0.114751 7.617045 -0.464260
v 0.100407 7.488572 -0.388429
v 0.089906 7.394879 -0.181864
v 0.086063 7.361073 0.100088
v 0.089906 7.396210 0.381877
v 0.100407 7.490876 0.587998
v 0.114751 7.619706 0.663221
v 0.129095 7.748181 0.587390
v 0.139595 7.841873 0.380825
v -0.143438 7.875679 0.098873
v -0.139594 7.840542 -0.182916
v -0.129094 7.745876 -0.389037
v -0.114750 7.617045 -0.464260
v -0.100406 7.488572 -0.388429
v -0.089906 7.394879 -0.181864
v -0.086063 7.361073 0.100088
v -0.089906 7.396210 0.381877
v -0.100406 7.490876 0.587998
v -0.114750 7.619707 0.663221
v -0.129094 7.748181 0.587390
v -0.139594 7.841873 0.380825
v -0.284421 7.842566 0.098951
v -0.276800 7.808315 -0.182840
v -0.255979 7.716074 -0.388966
v -0.227537 7.590554 -0.464198
v -0.199094 7.465392 -0.388375
v -0.178273 7.374124 -0.181815
v -0.170652 7.341205 0.100135
v -0.178273 7.375454 0.381926
v -0.199094 7.467697 0.588052
v -0.227537 7.593216 0.663283
v -0.255979 7.718377 0.587461
v -0.276800 7.809647 0.380901
v -0.420538 7.788005 0.099080
v -0.409270 7.755218 -0.182714
v -0.378485 7.666969 -0.388851
v -0.336431 7.546906 -0.464095
v -0.294377 7.427200 -0.388285
v -0.263591 7.339926 -0.181734
v -0.252323 7.308469 0.100212
v -0.263591 7.341257 0.382006
v -0.294377 7.429505 0.588143
v -0.336431 7.549568 0.663387
v -0.378485 7.669274 0.587577
v -0.409270 7.756548 0.381026
v -0.549460 7.712934 0.099257
v -0.534737 7.682157 -0.182542
v -0.494514 7.599404 -0.388691
v -0.439568 7.486849 -0.463953
v -0.384622 7.374650 -0.388161
v -0.344398 7.292871 -0.181623
v -0.329676 7.263425 0.100318
v -0.344398 7.294201 0.382117
v -0.384622 7.376954 0.588267
v -0.439568 7.489510 0.663528
v -0.494514 7.601708 0.587736
v -0.534737 7.683487 0.381199
v -0.668979 7.618633 0.099480
v -0.651054 7.590383 -0.182325
v -0.602081 7.514534 -0.388491
v -0.535183 7.411408 -0.463775
v -0.468286 7.308639 -0.388005
v -0.419313 7.233764 -0.181484
v -0.401388 7.206844 0.100452
v -0.419313 7.235095 0.382257
v -0.468286 7.310945 0.588422
v -0.535183 7.414069 0.663706
v -0.602081 7.516838 0.587936
v -0.651054 7.591713 0.381415
v -0.777053 7.506718 0.099744
v -0.756232 7.481467 -0.182068
v -0.699347 7.413810 -0.388253
v -0.621642 7.321877 -0.463563
v -0.543937 7.230299 -0.387820
v -0.487053 7.163617 -0.181318
v -0.466232 7.139696 0.100610
v -0.487053 7.164947 0.382423
v -0.543937 7.232604 0.588607
v -0.621642 7.324537 0.663918
v -0.699347 7.416114 0.588174
v -0.756232 7.482797 0.381672
v -0.871831 7.379103 0.100045
v -0.848471 7.357271 -0.181775
v -0.784648 7.298956 -0.387982
v -0.697465 7.219784 -0.463322
v -0.610282 7.140969 -0.387609
v -0.546459 7.083628 -0.181129
v -0.523099 7.063126 0.100791
v -0.546459 7.084958 0.382611
v -0.610282 7.143273 0.588818
v -0.697465 7.222445 0.664159
v -0.784648 7.301260 0.588445
v -0.848471 7.358602 0.381965
v -0.951692 7.237972 0.100378
v -0.926191 7.219922 -0.181451
v -0.856523 7.171939 -0.387682
v -0.761353 7.106879 -0.463056
v -0.666184 7.042177 -0.387376
v -0.596516 6.995167 -0.180920
v -0.571015 6.978448 0.100991
v -0.596516 6.996498 0.382820
v -0.666184 7.044482 0.589051
v -0.761353 7.109541 0.664425
v -0.856523 7.174243 0.588745
v -0.926191 7.221252 0.382290
v -1.015269 7.085740 0.100738
v -0.988065 7.071769 -0.181101
v -0.913742 7.034930 -0.387359
v -0.812215 6.985095 -0.462768
v -0.710688 6.935615 -0.387124
v -0.636365 6.899750 -0.180695
v -0.609161 6.887110 0.101206
v -0.636365 6.901081 0.383045
v -0.710688 6.937919 0.589303
v -0.812215 6.987755 0.664713
v -0.913742 7.037235 0.589068
v -0.988065 7.073099 0.382639
v -1.061474 6.925011 0.101117
v -1.033032 6.915347 -0.180732
v -0.955327 6.890274 -0.387017
v -0.849180 6.856511 -0.462465
v -0.743032 6.823104 -0.386859
v -0.665327 6.799005 -0.180457
v -0.636885 6.790672 0.101434
v -0.665327 6.800336 0.383283
v -0.743032 6.825408 0.589568
v -0.849180 6.859172 0.665016
v -0.955327 6.892579 0.589410
v -1.033032 6.916677 0.383009
v -1.089518 6.758536 0.101510
v -1.060324 6.753333 -0.180350
v -0.980566 6.740446 -0.386664
v -0.871614 6.723330 -0.462151
v -0.762662 6.706572 -0.386584
v -0.682904 6.694660 -0.180211
v -0.653711 6.690786 0.101670
v -0.682904 6.695990 0.383529
v -0.762662 6.708876 0.589843
v -0.871614 6.725992 0.665330
v -0.980566 6.742751 0.589764
v -1.060324 6.754663 0.383391
vn -0.1455 0.9893 -0.0061
vn -0.1126 0.9936 0.0002
vn 0.0434 0.0004 0.9991
vn 0.0435 0.0001 0.9991
vn 0.3967 -0.9180 -0.0009
vn 0.5119 -0.8590 -0.0010
vn 0.0390 0.0026 -0.9992
vn 0.0382 0.0025 -0.9993
vn 0.0295 0.0004 -0.9996
vn 0.0295 0.0005 -0.9996
vn -0.2200 0.9754 -0.0124
vn -0.2198 0.9755 -0.0124
vn 0.0678 0.0030 0.9977
vn 0.0699 0.0031 0.9976
vn 0.3070 -0.9517 -0.0011
vn -0.9981 0.0259 0.0567
vn -0.9990 -0.0344 -0.0279
vn 0.1566 0.0553 -0.9861
vn 0.1760 0.0965 -0.9796
vn 0.3002 -0.0112 -0.9538
vn 0.2253 0.0161 -0.9742
vn 0.0791 -0.0036 -0.9969
vn 0.7360 -0.6754 0.0458
vn 0.7439 0.6658 0.0570
vn 0.7390 0.6713 0.0578
vn 0.8485 0.5284 0.0292
vn 0.8486 0.5282 0.0291
vn 0.1719 0.0630 0.9831
vn 0.2125 0.0183 0.9770
vn 0.2495 -0.0219 0.9681
vn 0.1812 0.0861 0.9797
vn -0.8975 0.1355 0.4196
vn -1.0000 -0.0016 0.0020
vn 0.0296 0.0001 -0.9996
vn 0.4958 -0.8684 -0.0044
vn 0.3590 -0.9333 -0.0018
vn 0.1504 0.0181 0.9885
vn 0.0944 0.0077 0.9955
vn -0.3262 0.9453 0.0014
vn -0.2256 0.9742 0.0005
vn 0.0523 0.0104 -0.9986
vn 0.0476 0.0065 -0.9988
vn 0.3557 -0.9346 -0.0016
vn 0.0951 0.0062 0.9955
vn -0.2460 0.9693 -0.0059
vn 0.0478 0.0049 -0.9988
vn 0.7305 -0.6828 -0.0100
vn 0.7307 -0.6826 -0.0100
vn 0.6236 -0.7817 -0.0079
vn 0.1426 0.0265 0.9894
vn 0.1482 0.0277 0.9886
vn 0.2072 0.0358 0.9776
vn -0.6083 0.7937 0.0074
vn -0.6078 0.7941 0.0074
vn -0.4142 0.9102 0.0026
vn 0.0385 0.0254 -0.9989
vn 0.0375 0.0257 -0.9990
vn 0.0520 0.0191 -0.9985
vn 0.0520 0.0190 -0.9985
vn 0.6191 -0.7853 -0.0073
vn 0.2093 0.0302 0.9774
vn -0.4307 0.9025 0.0026
vn 0.0559 0.0148 -0.9983
vn 0.0559 0.0147 -0.9983
vn 0.8396 -0.5432 -0.0081
vn 0.8764 -0.4814 -0.0099
vn 0.8765 -0.4813 -0.0099
vn 0.1280 0.0325 0.9912
vn 0.1274 0.0324 0.9913
vn -0.8595 0.5111 0.0114
vn -0.8661 0.4997 0.0114
vn 0.0650 0.0429 -0.9970
vn 0.0656 0.0430 -0.9969
vn 0.8637 -0.5039 -0.0115
vn 0.8636 -0.5040 -0.0115
vn 0.0855 0.0177 0.9962
vn 0.0858 0.0180 0.9962
vn -0.8239 0.5666 0.0113
vn -0.8240 0.5664 0.0113
vn 0.0248 0.0319 -0.9992
vn 0.0248 0.0317 -0.9992
vn -0.6891 -0.7246 -0.0046
vn -0.6871 -0.7266 -0.0046
vn -0.5851 -0.8109 -0.0014
vn 0.2563 -0.1357 0.9570
vn 0.2379 -0.1427 0.9607
vn 0.9152 0.4027 0.0140
vn 0.9157 0.4015 0.0141
vn 0.3342 -0.1415 -0.9318
vn 0.3394 -0.1268 -0.9320
vn -0.7960 -0.6053 -0.0058
vn -0.7958 -0.6056 -0.0058
vn 0.1404 -0.1820 0.9732
vn 0.1403 -0.1820 0.9732
vn 0.9444 0.3282 0.0197
vn 0.2880 -0.2118 -0.9339
vn 0.2879 -0.2118 -0.9339
vn -0.7941 -0.6077 -0.0072
vn -0.7942 -0.6077 -0.0072
vn 0.1547 -0.1753 0.9723
vn 0.1590 -0.1732 0.9720
vn 0.9436 0.3305 0.0178
vn 0.3049 -0.2003 -0.9311
vn 0.3010 -0.2030 -0.9318
vn -0.7631 -0.6431 -0.0644
vn -0.7630 -0.6432 -0.0643
vn -0.7680 -0.6367 -0.0690
vn -0.1228 0.1354 -0.9831
vn -0.2065 0.1411 -0.9682
vn 0.5007 0.8616 0.0828
vn 0.5062 0.8585 0.0824
vn -0.3933 -0.0702 0.9167
vn -0.3929 -0.0674 0.9171
vn -0.3918 -0.0588 0.9182
vn -0.7531 -0.6556 -0.0546
vn -0.7528 -0.6560 -0.0543
vn -0.4786 0.1424 -0.8664
vn -0.4856 0.1375 -0.8633
vn 0.2299 0.9675 0.1057
vn 0.2311 0.9673 0.1047
vn -0.3896 -0.0921 0.9164
vn -0.3912 -0.0885 0.9160
vn -0.7478 -0.6621 -0.0490
vn -0.5041 0.1242 -0.8546
vn 0.2126 0.9699 0.1188
vn -0.3848 -0.1027 0.9173
vn 0.0968 0.1552 -0.9831
vn 0.0932 0.3082 -0.9467
vn 0.1821 0.3095 -0.9333
vn 0.1963 0.1558 -0.9681
vn 0.3578 0.3095 -0.8810
vn 0.3846 0.1555 -0.9099
vn 0.5209 0.3095 -0.7955
vn 0.5572 0.1548 -0.8158
vn 0.6654 0.3095 -0.6793
vn 0.7072 0.1536 -0.6901
vn 0.7854 0.3095 -0.5361
vn 0.8290 0.1516 -0.5384
vn 0.8757 0.3095 -0.3707
vn 0.9180 0.1487 -0.3677
vn 0.9318 0.3095 -0.1894
vn 0.9717 0.1454 -0.1860
vn 0.9509 0.3095 -0.0000
vn 0.9318 0.3095 0.1894
vn 0.9717 0.1454 0.1860
vn 0.8757 0.3095 0.3707
vn 0.9180 0.1487 0.3677
vn 0.7854 0.3095 0.5361
vn 0.8290 0.1516 0.5384
vn 0.6654 0.3095 0.6793
vn 0.7072 0.1536 0.6901
vn 0.5209 0.3095 0.7955
vn 0.5572 0.1548 0.8158
vn 0.3578 0.3095 0.8810
vn 0.3846 0.1555 0.9099
vn 0.1821 0.3095 0.9333
vn 0.1963 0.1558 0.9681
vn 0.0932 0.3082 0.9467
vn 0.0968 0.1552 0.9831
vn -0.0968 0.1552 0.9831
vn -0.0932 0.3082 0.9467
vn -0.1821 0.3095 0.9333
vn -0.1963 0.1558 0.9681
vn -0.3578 0.3095 0.8810
vn -0.3846 0.1555 0.9099
vn -0.5209 0.3095 0.7955
vn -0.5572 0.1548 0.8158
vn -0.6654 0.3095 0.6793
vn -0.7072 0.1536 0.6901
vn -0.7854 0.3095 0.5361
vn -0.8290 0.1516 0.5384
vn -0.8757 0.3095 0.3707
vn -0.9180 0.1487 0.3677
vn -0.9318 0.3095 0.1894
vn -0.9717 0.1454 0.1860
vn -0.9509 0.3095 -0.0000
vn -0.9318 0.3095 -0.1894
vn -0.9717 0.1454 -0.1860
vn -0.8757 0.3095 -0.3707
vn -0.9180 0.1487 -0.3677
vn -0.7854 0.3095 -0.5361
vn -0.8290 0.1516 -0.5384
vn -0.6654 0.3095 -0.6793
vn -0.7072 0.1536 -0.6901
vn -0.5209 0.3095 -0.7955
vn -0.5572 0.1548 -0.8158
vn -0.3578 0.3095 -0.8810
vn -0.3846 0.1555 -0.9099
vn -0.0000 1.0000 -0.0000
vn -0.1821 0.3095 -0.9333
vn -0.1963 0.1558 -0.9681
vn -0.0932 0.3082 -0.9467
vn -0.0968 0.1552 -0.9831
vn -0.0000 -1.0000 -0.0000
vn -0.1964 -0.0000 -0.9805
vn -0.0980 -0.0000 -0.9952
vn -0.3852 -0.0000 -0.9228
vn -0.5589 -0.0000 -0.8292
vn -0.7109 -0.0000 -0.7033
vn -0.8349 -0.0000 -0.5504
vn -0.9262 -0.0000 -0.3770
vn -0.9816 -0.0000 -0.1911
vn -1.0000 -0.0000 -0.0000
vn -0.9816 -0.0000 0.1911
vn -0.9262 -0.0000 0.3770
vn -0.8349 -0.0000 0.5504
vn -0.7109 -0.0000 0.7033
vn -0.5589 -0.0000 0.8292
vn -0.3852 -0.0000 0.9228
vn -0.1964 -0.0000 0.9805
vn -0.0980 -0.0000 0.9952
vn 0.1964 -0.0000 0.9805
vn 0.0980 -0.0000 0.9952
vn 0.3852 -0.0000 0.9228
vn 0.5589 -0.0000 0.8292
vn 0.7109 -0.0000 0.7033
vn 0.8349 -0.0000 0.5504
vn 0.9262 -0.0000 0.3770
vn 0.9816 -0.0000 0.1911
vn 1.0000 -0.0000 -0.0000
vn 0.9816 -0.0000 -0.1911
vn 0.9262 -0.0000 -0.3770
vn 0.8349 -0.0000 -0.5504
vn 0.7109 -0.0000 -0.7033
vn 0.5589 -0.0000 -0.8292
vn 0.3852 -0.0000 -0.9228
vn 0.1964 -0.0000 -0.9805
vn 0.0980 -0.0000 -0.9952
vn 0.4009 -0.0000 -0.9161
vn 0.4021 -0.1605 -0.9014
vn 0.4021 -0.1616 -0.9012
vn 0.4053 -0.3198 -0.8564
vn 0.4053 -0.3214 -0.8558
vn 0.4105 -0.4705 -0.7811
vn 0.4106 -0.4725 -0.7798
vn 0.4171 -0.6086 -0.6750
vn 0.4172 -0.6106 -0.6732
vn 0.4241 -0.7276 -0.5393
vn 0.4242 -0.7291 -0.5370
vn 0.4304 -0.8202 -0.3769
vn 0.4305 -0.8211 -0.3748
vn 0.4351 -0.8796 -0.1923
vn 0.4351 -0.8798 -0.1915
vn 0.4366 -0.8996 -0.0000
vn 0.4351 -0.8796 0.1923
vn 0.4351 -0.8798 0.1915
vn 0.4304 -0.8202 0.3769
vn 0.4305 -0.8211 0.3748
vn 0.4241 -0.7276 0.5393
vn 0.4242 -0.7291 0.5370
vn 0.4171 -0.6086 0.6750
vn 0.4172 -0.6106 0.6732
vn 0.4105 -0.4705 0.7811
vn 0.4106 -0.4725 0.7798
vn 0.4053 -0.3198 0.8564
vn 0.4053 -0.3214 0.8558
vn 0.4021 -0.1605 0.9014
vn 0.4021 -0.1616 0.9012
vn 0.4009 -0.0000 0.9161
vn 0.4021 0.1605 0.9014
vn 0.4021 0.1616 0.9012
vn 0.4053 0.3198 0.8564
vn 0.4053 0.3214 0.8558
vn 0.4105 0.4705 0.7811
vn 0.4106 0.4725 0.7798
vn 0.4171 0.6086 0.6750
vn 0.4172 0.6106 0.6732
vn 0.4241 0.7276 0.5393
vn 0.4242 0.7291 0.5370
vn 0.4304 0.8202 0.3769
vn 0.4305 0.8211 0.3748
vn 0.4351 0.8796 0.1923
vn 0.4351 0.8798 0.1915
vn 0.4366 0.8996 -0.0000
vn 0.4351 0.8796 -0.1923
vn 0.4351 0.8798 -0.1915
vn 0.4304 0.8202 -0.3769
vn 0.4305 0.8211 -0.3748
vn 0.4241 0.7276 -0.5393
vn 0.4242 0.7291 -0.5370
vn 0.4171 0.6086 -0.6750
vn 0.4172 0.6106 -0.6732
vn 0.4121 0.5423 -0.7322
vn 0.4105 0.4705 -0.7811
vn 0.4106 0.4725 -0.7798
vn 0.4053 0.3198 -0.8564
vn 0.4053 0.3214 -0.8558
vn 0.4021 0.1605 -0.9014
vn 0.4021 0.1616 -0.9012
vn -0.0000 0.1770 -0.9842
vn -0.0000 -0.0000 -1.0000
vn -0.0000 0.3507 -0.9365
vn -0.0000 0.5171 -0.8559
vn -0.0000 0.5952 -0.8036
vn -0.0000 0.8043 -0.5942
vn -0.0000 0.6707 -0.7417
vn -0.0000 0.9092 -0.4164
vn -0.0000 0.9767 -0.2148
vn -0.0000 0.9767 0.2148
vn -0.0000 0.9092 0.4164
vn -0.0000 0.8043 0.5942
vn -0.0000 0.6707 0.7417
vn -0.0000 0.5171 0.8559
vn -0.0000 0.3507 0.9365
vn -0.0000 0.1770 0.9842
vn -0.0000 -0.0000 1.0000
vn -0.0000 -0.1770 0.9842
vn -0.0000 -0.3507 0.9365
vn -0.0000 -0.5171 0.8559
vn -0.0000 -0.6707 0.7417
vn -0.0000 -0.8043 0.5942
vn -0.0000 -0.9092 0.4164
vn -0.0000 -0.9767 0.2148
vn -0.0000 -0.9767 -0.2148
vn -0.0000 -0.9092 -0.4164
vn -0.0000 -0.8043 -0.5942
vn -0.0000 -0.6707 -0.7417
vn -0.0000 -0.5171 -0.8559
vn -0.0000 -0.3507 -0.9365
vn -0.0000 -0.1770 -0.9842
vn -0.4021 0.1605 -0.9014
vn -0.4021 0.1616 -0.9012
vn -0.4009 -0.0000 -0.9161
vn -0.4053 0.3198 -0.8564
vn -0.4053 0.3214 -0.8558
vn -0.4105 0.4705 -0.7811
vn -0.4106 0.4725 -0.7798
vn -0.4120 0.5423 -0.7322
vn -0.4241 0.7276 -0.5393
vn -0.4242 0.7291 -0.5370
vn -0.4172 0.6106 -0.6732
vn -0.4171 0.6086 -0.6750
vn -0.4304 0.8202 -0.3769
vn -0.4305 0.8211 -0.3748
vn -0.4351 0.8796 -0.1923
vn -0.4351 0.8798 -0.1915
vn -0.4366 0.8996 -0.0000
vn -0.4351 0.8796 0.1923
vn -0.4351 0.8798 0.1915
vn -0.4304 0.8202 0.3769
vn -0.4305 0.8211 0.3748
vn -0.4241 0.7276 0.5393
vn -0.4242 0.7291 0.5370
vn -0.4171 0.6086 0.6750
vn -0.4172 0.6106 0.6732
vn -0.4105 0.4705 0.7811
vn -0.4106 0.4725 0.7798
vn -0.4053 0.3198 0.8564
vn -0.4053 0.3214 0.8558
vn -0.4021 0.1605 0.9014
vn -0.4021 0.1616 0.9012
vn -0.4009 -0.0000 0.9161
vn -0.4021 -0.1605 0.9014
vn -0.4021 -0.1616 0.9012
vn -0.4053 -0.3198 0.8564
vn -0.4053 -0.3214 0.8558
vn -0.4105 -0.4705 0.7811
vn -0.4106 -0.4725 0.7798
vn -0.4171 -0.6086 0.6750
vn -0.4172 -0.6106 0.6732
vn -0.4241 -0.7276 0.5393
vn -0.4242 -0.7291 0.5370
vn -0.4304 -0.8202 0.3769
vn -0.4305 -0.8211 0.3748
vn -0.4351 -0.8796 0.1923
vn -0.4351 -0.8798 0.1915
vn -0.4366 -0.8996 -0.0000
vn -0.4351 -0.8796 -0.1923
vn -0.4351 -0.8798 -0.1915
vn -0.4304 -0.8202 -0.3769
vn -0.4305 -0.8211 -0.3748
vn -0.4241 -0.7276 -0.5393
vn -0.4242 -0.7291 -0.5370
vn -0.4171 -0.6086 -0.6750
vn -0.4172 -0.6106 -0.6732
vn -0.4105 -0.4705 -0.7811
vn -0.4106 -0.4725 -0.7798
vn -0.4053 -0.3198 -0.8564
vn -0.4053 -0.3214 -0.8558
vn -0.4021 -0.1605 -0.9014
vn -0.4021 -0.1616 -0.9012
vn 0.9940 -0.1093 0.0003
vn 0.9685 -0.1073 -0.2247
vn 0.9746 -0.0005 -0.2241
vn 0.9255 -0.1059 -0.3638
vn 0.9317 -0.0009 -0.3632
vn 0.5664 -0.0019 -0.8241
vn 0.5623 -0.0622 -0.8246
vn 0.5617 -0.0667 -0.8246
vn -0.5664 -0.0019 -0.8241
vn -0.5623 0.0583 -0.8249
vn -0.5617 0.0628 -0.8250
vn -0.9317 -0.0009 -0.3632
vn -0.9260 0.0995 -0.3642
vn -0.9669 0.1074 -0.2316
vn -0.9730 -0.0005 -0.2307
vn -0.9938 0.1109 -0.0003
vn -0.9669 0.1085 0.2311
vn -0.9730 0.0005 0.2307
vn -0.9260 0.1013 0.3637
vn -0.9317 0.0009 0.3632
vn -0.5664 0.0019 0.8241
vn -0.5617 0.0667 0.8246
vn -0.5623 0.0622 0.8246
vn 0.5664 0.0019 0.8241
vn 0.5617 -0.0628 0.8250
vn 0.5623 -0.0583 0.8248
vn 0.9317 0.0009 0.3632
vn 0.9255 -0.1041 0.3643
vn 0.9685 -0.1062 0.2252
vn 0.9746 0.0005 0.2241
vn 0.9758 -0.2186 0.0005
vn 0.9501 -0.2138 -0.2270
vn 0.9066 -0.2102 -0.3659
vn 0.5501 -0.1220 -0.8262
vn 0.5477 -0.1304 -0.8265
vn -0.5501 0.1181 -0.8267
vn -0.5477 0.1264 -0.8271
vn -0.9087 0.1999 -0.3666
vn -0.9483 0.2149 -0.2337
vn -0.9751 0.2216 -0.0005
vn -0.9483 0.2160 0.2327
vn -0.9087 0.2016 0.3656
vn -0.5477 0.1304 0.8265
vn -0.5501 0.1220 0.8262
vn 0.5477 -0.1264 0.8271
vn 0.5501 -0.1181 0.8267
vn 0.9066 -0.2084 0.3669
vn 0.9501 -0.2127 0.2280
vn 0.9448 -0.3275 0.0008
vn 0.9191 -0.3196 -0.2306
vn 0.8750 -0.3130 -0.3694
vn 0.5295 -0.1807 -0.8289
vn 0.5245 -0.1920 -0.8295
vn -0.5295 0.1768 -0.8297
vn -0.5245 0.1881 -0.8304
vn -0.8792 0.2997 -0.3703
vn -0.9168 0.3216 -0.2370
vn -0.9435 0.3315 -0.0008
vn -0.9168 0.3227 0.2355
vn -0.8792 0.3015 0.3689
vn -0.5245 0.1920 0.8295
vn -0.5295 0.1807 0.8289
vn 0.5245 -0.1881 0.8304
vn 0.5295 -0.1768 0.8297
vn 0.8750 -0.3113 0.3709
vn 0.9191 -0.3185 0.2321
vn 0.9002 -0.4354 0.0010
vn 0.8746 -0.4239 -0.2352
vn 0.8301 -0.4134 -0.3742
vn 0.5004 -0.2378 -0.8325
vn 0.4925 -0.2506 -0.8335
vn -0.5004 0.2338 -0.8336
vn -0.4925 0.2466 -0.8347
vn -0.8368 0.3985 -0.3754
vn -0.8717 0.4265 -0.2413
vn -0.8980 0.4399 -0.0010
vn -0.8717 0.4276 0.2393
vn -0.8368 0.4003 0.3735
vn -0.4925 0.2506 0.8335
vn -0.5004 0.2378 0.8325
vn 0.4925 -0.2466 0.8347
vn 0.5004 -0.2338 0.8336
vn 0.8301 -0.4117 0.3762
vn 0.8746 -0.4228 0.2372
vn 0.8410 -0.5410 0.0013
vn 0.8159 -0.5258 -0.2406
vn 0.7715 -0.5102 -0.3802
vn 0.4628 -0.2921 -0.8370
vn 0.4520 -0.3052 -0.8382
vn -0.4628 0.2881 -0.8383
vn -0.4520 0.3012 -0.8396
vn -0.7807 0.4949 -0.3816
vn -0.8124 0.5285 -0.2464
vn -0.8380 0.5456 -0.0013
vn -0.8124 0.5297 0.2439
vn -0.7807 0.4967 0.3792
vn -0.4520 0.3052 0.8382
vn -0.4628 0.2921 0.8370
vn 0.4520 -0.3012 0.8396
vn 0.4628 -0.2881 0.8383
vn 0.7715 -0.5084 0.3826
vn 0.8159 -0.5246 0.2430
vn 0.7661 -0.6428 0.0015
vn 0.7421 -0.6234 -0.2463
vn 0.6987 -0.6018 -0.3868
vn 0.4168 -0.3427 -0.8419
vn 0.4037 -0.3549 -0.8432
vn -0.4168 0.3388 -0.8435
vn -0.4037 0.3509 -0.8449
vn -0.7099 0.5874 -0.3886
vn -0.7380 0.6259 -0.2522
vn -0.7625 0.6470 -0.0015
vn -0.7380 0.6271 0.2492
vn -0.7099 0.5892 0.3858
vn -0.4037 0.3549 0.8432
vn -0.4168 0.3427 0.8419
vn 0.4037 -0.3509 0.8449
vn 0.4168 -0.3388 0.8435
vn 0.6987 -0.6000 0.3896
vn 0.7421 -0.6223 0.2492
vn 0.6746 -0.7382 0.0017
vn 0.6525 -0.7146 -0.2521
vn 0.6116 -0.6862 -0.3938
vn 0.3626 -0.3885 -0.8471
vn 0.3483 -0.3988 -0.8483
vn -0.3626 0.3845 -0.8489
vn -0.3483 0.3947 -0.8502
vn -0.6240 0.6737 -0.3961
vn -0.6481 0.7165 -0.2581
vn -0.6706 0.7418 -0.0018
vn -0.6481 0.7177 0.2547
vn -0.6240 0.6755 0.3929
vn -0.3483 0.3988 0.8483
vn -0.3626 0.3885 0.8471
vn 0.3483 -0.3947 0.8502
vn 0.3626 -0.3845 0.8489
vn 0.6116 -0.6843 0.3970
vn 0.6525 -0.7134 0.2555
vn 0.5664 -0.8241 0.0019
vn 0.5470 -0.7965 -0.2577
vn 0.5105 -0.7608 -0.4007
vn 0.3008 -0.4283 -0.8521
vn 0.2866 -0.4360 -0.8531
vn -0.3008 0.4243 -0.8541
vn -0.2866 0.4319 -0.8552
vn -0.5228 0.7509 -0.4034
vn -0.5426 0.7975 -0.2639
vn -0.5624 0.8268 -0.0020
vn -0.5426 0.7987 0.2602
vn -0.5228 0.7528 0.3999
vn -0.2866 0.4360 0.8531
vn -0.3008 0.4283 0.8521
vn 0.2866 -0.4319 0.8552
vn 0.3008 -0.4243 0.8541
vn 0.5105 -0.7589 0.4043
vn 0.5470 -0.7952 0.2615
vn 0.4421 -0.8969 0.0021
vn 0.4264 -0.8655 -0.2628
vn 0.3963 -0.8231 -0.4068
vn 0.2323 -0.4608 -0.8565
vn 0.2196 -0.4657 -0.8572
vn -0.2323 0.4568 -0.8587
vn -0.2196 0.4617 -0.8594
vn -0.4073 0.8160 -0.4102
vn -0.4224 0.8655 -0.2691
vn -0.4386 0.8987 -0.0021
vn -0.4224 0.8668 0.2650
vn -0.4073 0.8179 0.4063
vn -0.2196 0.4657 0.8572
vn -0.2323 0.4608 0.8565
vn 0.2196 -0.4617 0.8594
vn 0.2323 -0.4568 0.8587
vn 0.3963 -0.8211 0.4107
vn 0.4264 -0.8643 0.2668
vn 0.3037 -0.9528 0.0022
vn 0.2926 -0.9183 -0.2667
vn 0.2711 -0.8700 -0.4118
vn 0.1582 -0.4851 -0.8600
vn 0.1487 -0.4874 -0.8604
vn -0.1582 0.4810 -0.8623
vn -0.1487 0.4834 -0.8627
vn -0.2794 0.8656 -0.4156
vn -0.2896 0.9173 -0.2733
vn -0.3010 0.9536 -0.0023
vn -0.2896 0.9186 0.2689
vn -0.2794 0.8675 0.4115
vn -0.1487 0.4874 0.8604
vn -0.1582 0.4851 0.8600
vn 0.1487 -0.4834 0.8627
vn 0.1582 -0.4810 0.8623
vn 0.2711 -0.8681 0.4159
vn 0.2926 -0.9170 0.2711
vn 0.1547 -0.9880 0.0023
vn 0.1490 -0.9515 -0.2693
vn 0.1377 -0.8994 -0.4149
vn 0.0801 -0.5000 -0.8623
vn 0.0750 -0.5006 -0.8624
vn -0.0801 0.4959 -0.8646
vn -0.0750 0.4966 -0.8647
vn -0.1422 0.8967 -0.4191
vn -0.1473 0.9498 -0.2760
vn -0.1533 0.9882 -0.0023
vn -0.1473 0.9511 0.2715
vn -0.1422 0.8987 0.4149
vn -0.0750 0.5006 0.8624
vn -0.0801 0.5000 0.8623
vn 0.0750 -0.4966 0.8647
vn 0.0801 -0.4959 0.8646
vn 0.1377 -0.8974 0.4192
vn 0.1490 -0.9502 0.2738
vn 0.0772 -0.9970 0.0024
vn 0.0743 -0.9601 -0.2695
vn 0.0701 -0.9071 -0.4150
vn 0.0389 -0.5047 -0.8624
vn -0.0389 0.5006 -0.8648
vn -0.0701 0.9051 -0.4193
vn -0.0742 0.9582 -0.2761
vn -0.0772 0.9970 -0.0024
vn -0.0742 0.9595 0.2716
vn -0.0701 0.9071 0.4150
vn -0.0389 0.5047 0.8624
vn 0.0389 -0.5006 0.8648
vn 0.0701 -0.9051 0.4193
vn 0.0743 -0.9589 0.2740
vn -0.0772 -0.9970 0.0024
vn -0.1547 -0.9880 0.0023
vn -0.1490 -0.9515 -0.2693
vn -0.0743 -0.9601 -0.2695
vn -0.1377 -0.8994 -0.4149
vn -0.0701 -0.9071 -0.4150
vn -0.0389 -0.5047 -0.8624
vn -0.0801 -0.5000 -0.8623
vn -0.0750 -0.5006 -0.8624
vn 0.0389 0.5006 -0.8648
vn 0.0801 0.4959 -0.8646
vn 0.0750 0.4966 -0.8647
vn 0.0701 0.9051 -0.4193
vn 0.1422 0.8967 -0.4191
vn 0.1473 0.9498 -0.2760
vn 0.0742 0.9582 -0.2761
vn 0.1533 0.9882 -0.0023
vn 0.0772 0.9970 -0.0024
vn 0.1473 0.9511 0.2715
vn 0.0742 0.9595 0.2716
vn 0.1422 0.8987 0.4149
vn 0.0701 0.9071 0.4150
vn 0.0389 0.5047 0.8624
vn 0.0750 0.5006 0.8624
vn 0.0801 0.5000 0.8623
vn -0.0389 -0.5006 0.8648
vn -0.0750 -0.4966 0.8647
vn -0.0801 -0.4959 0.8646
vn -0.0701 -0.9051 0.4193
vn -0.1377 -0.8974 0.4192
vn -0.1490 -0.9502 0.2738
vn -0.0743 -0.9589 0.2740
vn -0.3037 -0.9528 0.0022
vn -0.2926 -0.9183 -0.2667
vn -0.2711 -0.8700 -0.4118
vn -0.1582 -0.4851 -0.8600
vn -0.1487 -0.4875 -0.8604
vn 0.1582 0.4810 -0.8623
vn 0.1487 0.4834 -0.8627
vn 0.2794 0.8656 -0.4156
vn 0.2896 0.9173 -0.2733
vn 0.3010 0.9536 -0.0023
vn 0.2896 0.9186 0.2689
vn 0.2794 0.8675 0.4115
vn 0.1487 0.4875 0.8604
vn 0.1582 0.4851 0.8600
vn -0.1487 -0.4834 0.8627
vn -0.1582 -0.4810 0.8623
vn -0.2711 -0.8681 0.4159
vn -0.2926 -0.9170 0.2711
vn -0.4421 -0.8969 0.0021
vn -0.4264 -0.8655 -0.2628
vn -0.3963 -0.8231 -0.4068
vn -0.2323 -0.4608 -0.8565
vn -0.2196 -0.4657 -0.8572
vn 0.2323 0.4568 -0.8587
vn 0.2196 0.4617 -0.8594
vn 0.4073 0.8160 -0.4102
vn 0.4224 0.8655 -0.2691
vn 0.4386 0.8987 -0.0021
vn 0.4224 0.8668 0.2650
vn 0.4073 0.8179 0.4063
vn 0.2196 0.4657 0.8572
vn 0.2323 0.4608 0.8565
vn -0.2196 -0.4617 0.8594
vn -0.2323 -0.4568 0.8587
vn -0.3963 -0.8211 0.4107
vn -0.4264 -0.8643 0.2668
vn -0.5664 -0.8241 0.0019
vn -0.5470 -0.7965 -0.2577
vn -0.5105 -0.7608 -0.4007
vn -0.3008 -0.4283 -0.8521
vn -0.2866 -0.4360 -0.8531
vn 0.3008 0.4243 -0.8541
vn 0.2866 0.4319 -0.8552
vn 0.5228 0.7509 -0.4034
vn 0.5426 0.7975 -0.2639
vn 0.5624 0.8268 -0.0020
vn 0.5426 0.7987 0.2602
vn 0.5228 0.7528 0.3999
vn 0.2866 0.4360 0.8531
vn 0.3008 0.4283 0.8521
vn -0.2866 -0.4319 0.8552
vn -0.3008 -0.4243 0.8541
vn -0.5105 -0.7589 0.4043
vn -0.5470 -0.7952 0.2615
vn -0.6746 -0.7382 0.0017
vn -0.6525 -0.7146 -0.2521
vn -0.6116 -0.6862 -0.3938
vn -0.3626 -0.3885 -0.8471
vn -0.3483 -0.3988 -0.8483
vn 0.3626 0.3845 -0.8489
vn 0.3483 0.3947 -0.8502
vn 0.6240 0.6737 -0.3961
vn 0.6481 0.7165 -0.2581
vn 0.6706 0.7418 -0.0018
vn 0.6481 0.7177 0.2547
vn 0.6240 0.6755 0.3929
vn 0.3483 0.3988 0.8483
vn 0.3626 0.3885 0.8471
vn -0.3483 -0.3947 0.8502
vn -0.3626 -0.3845 0.8489
vn -0.6116 -0.6843 0.3970
vn -0.6525 -0.7134 0.2555
vn -0.7661 -0.6428 0.0015
vn -0.7421 -0.6234 -0.2463
vn -0.6987 -0.6018 -0.3868
vn -0.4168 -0.3427 -0.8419
vn -0.4037 -0.3549 -0.8432
vn 0.4168 0.3388 -0.8435
vn 0.4037 0.3509 -0.8449
vn 0.7099 0.5874 -0.3886
vn 0.7380 0.6259 -0.2522
vn 0.7625 0.6470 -0.0015
vn 0.7380 0.6271 0.2492
vn 0.7099 0.5892 0.3858
vn 0.4037 0.3549 0.8432
vn 0.4168 0.3427 0.8419
vn -0.4037 -0.3509 0.8449
vn -0.4168 -0.3388 0.8435
vn -0.6987 -0.6000 0.3896
vn -0.7421 -0.6223 0.2492
vn -0.8410 -0.5410 0.0013
vn -0.8159 -0.5258 -0.2406
vn -0.7715 -0.5102 -0.3802
vn -0.4628 -0.2921 -0.8370
vn -0.4520 -0.3052 -0.8382
vn 0.4628 0.2881 -0.8383
vn 0.4520 0.3012 -0.8396
vn 0.7807 0.4949 -0.3816
vn 0.8124 0.5285 -0.2464
vn 0.8380 0.5456 -0.0013
vn 0.8124 0.5297 0.2440
vn 0.7807 0.4967 0.3792
vn 0.4520 0.3052 0.8382
vn 0.4628 0.2921 0.8370
vn -0.4520 -0.3012 0.8396
vn -0.4628 -0.2881 0.8383
vn -0.7715 -0.5084 0.3826
vn -0.8159 -0.5246 0.2430
vn -0.9002 -0.4354 0.0010
vn -0.8746 -0.4239 -0.2352
vn -0.8301 -0.4134 -0.3742
vn -0.5004 -0.2378 -0.8325
vn -0.4925 -0.2506 -0.8335
vn 0.5004 0.2338 -0.8336
vn 0.4925 0.2466 -0.8347
vn 0.8368 0.3985 -0.3754
vn 0.8717 0.4265 -0.2413
vn 0.8980 0.4399 -0.0010
vn 0.8717 0.4276 0.2393
vn 0.8368 0.4003 0.3735
vn 0.4925 0.2506 0.8335
vn 0.5004 0.2378 0.8325
vn -0.4925 -0.2466 0.8347
vn -0.5004 -0.2338 0.8336
vn -0.8301 -0.4117 0.3762
vn -0.8746 -0.4228 0.2372
vn -0.9448 -0.3275 0.0008
vn -0.9191 -0.3196 -0.2306
vn -0.8750 -0.3130 -0.3694
vn -0.5295 -0.1807 -0.8289
vn -0.5245 -0.1920 -0.8295
vn 0.5295 0.1768 -0.8297
vn 0.5245 0.1881 -0.8304
vn 0.8792 0.2997 -0.3703
vn 0.9168 0.3216 -0.2370
vn 0.9435 0.3315 -0.0008
vn 0.9168 0.3227 0.2355
vn 0.8792 0.3015 0.3689
vn 0.5245 0.1920 0.8295
vn 0.5295 0.1807 0.8289
vn -0.5245 -0.1881 0.8304
vn -0.5295 -0.1768 0.8297
vn -0.8750 -0.3113 0.3709
vn -0.9191 -0.3185 0.2321
vn -0.9758 -0.2186 0.0005
vn -0.9501 -0.2138 -0.2270
vn -0.9066 -0.2102 -0.3659
vn -0.5501 -0.1220 -0.8262
vn -0.5477 -0.1304 -0.8265
vn 0.5501 0.1181 -0.8267
vn 0.5477 0.1264 -0.8271
vn 0.9087 0.1999 -0.3666
vn 0.9483 0.2149 -0.2337
vn 0.9751 0.2216 -0.0005
vn 0.9483 0.2160 0.2327
vn 0.9087 0.2016 0.3656
vn 0.5477 0.1304 0.8265
vn 0.5501 0.1220 0.8262
vn -0.5477 -0.1264 0.8271
vn -0.5501 -0.1181 0.8267
vn -0.9066 -0.2084 0.3669
vn -0.9501 -0.2127 0.2280
vn -0.9940 -0.1093 0.0003
vn -0.9685 -0.1073 -0.2247
vn -0.9255 -0.1059 -0.3638
vn -0.5623 -0.0622 -0.8246
vn -0.5617 -0.0667 -0.8246
vn 0.5623 0.0583 -0.8249
vn 0.5617 0.0628 -0.8250
vn 0.9260 0.0995 -0.3642
vn 0.9669 0.1074 -0.2316
vn 0.9938 0.1109 -0.0003
vn 0.9669 0.1085 0.2311
vn 0.9260 0.1013 0.3637
vn 0.5617 0.0667 0.8246
vn 0.5623 0.0622 0.8246
vn -0.5617 -0.0628 0.8250
vn -0.5623 -0.0583 0.8248
vn -0.9255 -0.1041 0.3643
vn -0.9685 -0.1062 0.2252
vn -0.9746 -0.0005 -0.2241
vn 0.9730 -0.0005 -0.2307
vn 0.9730 0.0005 0.2307
vn -0.9746 0.0005 0.2241
vn -0.9940 0.1093 -0.0003
vn -0.9685 0.1062 -0.2252
vn -0.9255 0.1041 -0.3643
vn 0.9260 -0.1013 -0.3637
vn 0.9669 -0.1085 -0.2311
vn 0.9938 -0.1109 0.0003
vn 0.9669 -0.1074 0.2316
vn 0.9260 -0.0995 0.3642
vn 0.5623 -0.0583 0.8249
vn -0.9255 0.1059 0.3638
vn -0.9685 0.1073 0.2247
vn -0.9758 0.2186 -0.0005
vn -0.9501 0.2127 -0.2280
vn -0.9066 0.2084 -0.3669
vn 0.9087 -0.2016 -0.3656
vn 0.9483 -0.2160 -0.2327
vn 0.9751 -0.2216 0.0005
vn 0.9483 -0.2149 0.2337
vn 0.9087 -0.1998 0.3666
vn -0.9066 0.2102 0.3659
vn -0.9501 0.2138 0.2270
vn -0.9448 0.3275 -0.0008
vn -0.9191 0.3185 -0.2321
vn -0.8750 0.3113 -0.3709
vn 0.8792 -0.3015 -0.3689
vn 0.9168 -0.3227 -0.2355
vn 0.9435 -0.3315 0.0008
vn 0.9168 -0.3216 0.2370
vn 0.8792 -0.2997 0.3703
vn -0.8750 0.3130 0.3694
vn -0.9191 0.3196 0.2306
vn -0.9002 0.4354 -0.0010
vn -0.8746 0.4228 -0.2372
vn -0.8301 0.4117 -0.3762
vn 0.8368 -0.4003 -0.3735
vn 0.8717 -0.4276 -0.2393
vn 0.8980 -0.4399 0.0010
vn 0.8717 -0.4265 0.2413
vn 0.8368 -0.3985 0.3754
vn -0.8301 0.4134 0.3742
vn -0.8746 0.4239 0.2352
vn -0.8410 0.5410 -0.0013
vn -0.8159 0.5246 -0.2430
vn -0.7715 0.5084 -0.3826
vn 0.7807 -0.4967 -0.3792
vn 0.8124 -0.5297 -0.2440
vn 0.8380 -0.5456 0.0013
vn 0.8124 -0.5285 0.2464
vn 0.7807 -0.4949 0.3816
vn -0.7715 0.5102 0.3802
vn -0.8159 0.5258 0.2406
vn -0.7661 0.6428 -0.0015
vn -0.7421 0.6223 -0.2492
vn -0.6987 0.6000 -0.3896
vn 0.7099 -0.5892 -0.3858
vn 0.7380 -0.6271 -0.2492
vn 0.7625 -0.6470 0.0015
vn 0.7380 -0.6259 0.2522
vn 0.7099 -0.5874 0.3886
vn -0.6987 0.6018 0.3868
vn -0.7421 0.6234 0.2463
vn -0.6746 0.7382 -0.0017
vn -0.6525 0.7134 -0.2555
vn -0.6116 0.6843 -0.3970
vn 0.6240 -0.6755 -0.3929
vn 0.6481 -0.7177 -0.2547
vn 0.6706 -0.7418 0.0018
vn 0.6481 -0.7165 0.2581
vn 0.6240 -0.6737 0.3961
vn -0.6116 0.6862 0.3938
vn -0.6525 0.7146 0.2521
vn -0.5664 0.8241 -0.0019
vn -0.5470 0.7952 -0.2615
vn -0.5105 0.7589 -0.4043
vn 0.5228 -0.7528 -0.3999
vn 0.5426 -0.7987 -0.2602
vn 0.5624 -0.8268 0.0020
vn 0.5426 -0.7975 0.2639
vn 0.5228 -0.7509 0.4034
vn -0.5105 0.7608 0.4007
vn -0.5470 0.7965 0.2577
vn -0.4421 0.8969 -0.0021
vn -0.4264 0.8643 -0.2668
vn -0.3963 0.8211 -0.4107
vn 0.4073 -0.8179 -0.4063
vn 0.4224 -0.8668 -0.2650
vn 0.4386 -0.8987 0.0021
vn 0.4224 -0.8655 0.2691
vn 0.4073 -0.8160 0.4102
vn -0.3963 0.8231 0.4068
vn -0.4264 0.8655 0.2628
vn -0.3037 0.9528 -0.0022
vn -0.2926 0.9170 -0.2711
vn -0.2711 0.8681 -0.4159
vn 0.2794 -0.8675 -0.4115
vn 0.2896 -0.9186 -0.2689
vn 0.3010 -0.9536 0.0023
vn 0.2896 -0.9173 0.2733
vn 0.2794 -0.8656 0.4156
vn -0.2711 0.8700 0.4118
vn -0.2926 0.9183 0.2667
vn -0.1547 0.9880 -0.0023
vn -0.1490 0.9502 -0.2738
vn -0.1377 0.8974 -0.4192
vn 0.1422 -0.8987 -0.4149
vn 0.1473 -0.9511 -0.2715
vn 0.1533 -0.9882 0.0023
vn 0.1473 -0.9498 0.2760
vn 0.1422 -0.8967 0.4191
vn -0.1377 0.8994 0.4149
vn -0.1490 0.9515 0.2693
vn -0.0743 0.9589 -0.2740
vn 0.0742 -0.9595 -0.2716
vn 0.0742 -0.9583 0.2761
vn -0.0743 0.9601 0.2695
vn 0.1547 0.9880 -0.0023
vn 0.1490 0.9502 -0.2738
vn 0.0743 0.9589 -0.2740
vn 0.1377 0.8974 -0.4192
vn 0.0801 0.4959 -0.8647
vn -0.1422 -0.8987 -0.4149
vn -0.1473 -0.9511 -0.2715
vn -0.0742 -0.9595 -0.2716
vn -0.1533 -0.9882 0.0023
vn -0.1473 -0.9498 0.2760
vn -0.0742 -0.9583 0.2761
vn -0.1422 -0.8967 0.4191
vn -0.0801 -0.4959 0.8647
vn 0.1377 0.8994 0.4149
vn 0.1490 0.9515 0.2693
vn 0.0743 0.9601 0.2695
vn 0.3037 0.9528 -0.0022
vn 0.2926 0.9170 -0.2711
vn 0.2711 0.8681 -0.4159
vn -0.2794 -0.8675 -0.4115
vn -0.2896 -0.9186 -0.2689
vn -0.3010 -0.9536 0.0023
vn -0.2896 -0.9173 0.2733
vn -0.2794 -0.8656 0.4156
vn 0.2711 0.8700 0.4118
vn 0.2926 0.9183 0.2667
vn 0.4421 0.8969 -0.0021
vn 0.4264 0.8643 -0.2668
vn 0.3963 0.8211 -0.4107
vn -0.4073 -0.8179 -0.4063
vn -0.4224 -0.8668 -0.2650
vn -0.4386 -0.8987 0.0021
vn -0.4224 -0.8655 0.2691
vn -0.4073 -0.8160 0.4102
vn 0.3963 0.8231 0.4068
vn 0.4264 0.8655 0.2628
vn 0.5664 0.8241 -0.0019
vn 0.5470 0.7952 -0.2615
vn 0.5105 0.7589 -0.4043
vn -0.5228 -0.7528 -0.3999
vn -0.5426 -0.7987 -0.2602
vn -0.5624 -0.8268 0.0020
vn -0.5426 -0.7975 0.2639
vn -0.5228 -0.7509 0.4034
vn 0.5105 0.7608 0.4007
vn 0.5470 0.7965 0.2577
vn 0.6746 0.7382 -0.0017
vn 0.6525 0.7134 -0.2555
vn 0.6116 0.6843 -0.3970
vn -0.6240 -0.6755 -0.3929
vn -0.6481 -0.7177 -0.2547
vn -0.6706 -0.7418 0.0018
vn -0.6481 -0.7165 0.2581
vn -0.6240 -0.6737 0.3961
vn 0.6116 0.6862 0.3938
vn 0.6525 0.7146 0.2521
vn 0.7661 0.6428 -0.0015
vn 0.7421 0.6223 -0.2492
vn 0.6987 0.6000 -0.3896
vn 0.4167 0.3388 -0.8435
vn -0.7099 -0.5892 -0.3858
vn -0.7380 -0.6271 -0.2492
vn -0.7624 -0.6470 0.0015
vn -0.7380 -0.6259 0.2522
vn -0.7099 -0.5874 0.3886
vn -0.4167 -0.3388 0.8435
vn 0.6987 0.6018 0.3868
vn 0.7421 0.6234 0.2463
vn 0.8410 0.5410 -0.0013
vn 0.8159 0.5246 -0.2430
vn 0.7715 0.5084 -0.3826
vn -0.7807 -0.4967 -0.3792
vn -0.8124 -0.5297 -0.2440
vn -0.8380 -0.5456 0.0013
vn -0.8124 -0.5285 0.2464
vn -0.7807 -0.4949 0.3816
vn 0.7715 0.5102 0.3802
vn 0.8159 0.5258 0.2406
vn 0.9002 0.4354 -0.0010
vn 0.8746 0.4228 -0.2372
vn 0.8301 0.4117 -0.3762
vn -0.8368 -0.4003 -0.3735
vn -0.8717 -0.4276 -0.2393
vn -0.8980 -0.4399 0.0010
vn -0.8717 -0.4265 0.2413
vn -0.8368 -0.3985 0.3754
vn 0.8301 0.4134 0.3742
vn 0.8746 0.4239 0.2352
vn 0.9448 0.3275 -0.0008
vn 0.9191 0.3185 -0.2321
vn 0.8750 0.3113 -0.3709
vn -0.8792 -0.3015 -0.3689
vn -0.9168 -0.3227 -0.2355
vn -0.9435 -0.3315 0.0008
vn -0.9168 -0.3216 0.2370
vn -0.8792 -0.2997 0.3703
vn 0.8750 0.3130 0.3694
vn 0.9191 0.3196 0.2306
vn 0.9758 0.2186 -0.0005
vn 0.9501 0.2127 -0.2280
vn 0.9066 0.2084 -0.3669
vn -0.9087 -0.2016 -0.3656
vn -0.9483 -0.2160 -0.2327
vn -0.9751 -0.2216 0.0005
vn -0.9483 -0.2149 0.2337
vn -0.9087 -0.1998 0.3666
vn 0.9066 0.2102 0.3659
vn 0.9501 0.2138 0.2270
vn 0.9940 0.1093 -0.0003
vn 0.9685 0.1062 -0.2252
vn 0.9255 0.1041 -0.3643
vn 0.5623 0.0583 -0.8248
vn -0.9260 -0.1013 -0.3637
vn -0.9669 -0.1085 -0.2311
vn -0.9938 -0.1109 0.0003
vn -0.9669 -0.1074 0.2316
vn -0.9260 -0.0995 0.3642
vn -0.5623 -0.0583 0.8249
vn 0.9255 0.1059 0.3638
vn 0.9685 0.1073 0.2247
vn 0.1455 0.9893 -0.0061
vn 0.1126 0.9936 0.0002
vn -0.0434 0.0004 0.9991
vn -0.0435 0.0001 0.9991
vn -0.3967 -0.9180 -0.0009
vn -0.5119 -0.8590 -0.0010
vn -0.0390 0.0026 -0.9992
vn -0.0295 0.0005 -0.9996
vn -0.0295 0.0004 -0.9996
vn -0.0382 0.0025 -0.9993
vn 0.2200 0.9754 -0.0124
vn 0.2198 0.9755 -0.0124
vn -0.0678 0.0030 0.9977
vn -0.0699 0.0031 0.9976
vn -0.3070 -0.9517 -0.0011
vn 0.9981 0.0259 0.0567
vn 0.9990 -0.0344 -0.0279
vn -0.1566 0.0553 -0.9861
vn -0.2253 0.0161 -0.9742
vn -0.3002 -0.0112 -0.9538
vn -0.1760 0.0965 -0.9796
vn -0.0791 -0.0036 -0.9969
vn -0.7360 -0.6754 0.0458
vn -0.7439 0.6658 0.0570
vn -0.8486 0.5282 0.0291
vn -0.8485 0.5284 0.0292
vn -0.7390 0.6713 0.0578
vn -0.1719 0.0630 0.9831
vn -0.1812 0.0861 0.9797
vn -0.2495 -0.0219 0.9681
vn -0.2125 0.0183 0.9770
vn 0.8975 0.1355 0.4196
vn 1.0000 -0.0016 0.0020
vn -0.0296 0.0001 -0.9996
vn -0.4958 -0.8684 -0.0044
vn -0.3590 -0.9333 -0.0018
vn -0.1504 0.0181 0.9885
vn -0.0944 0.0077 0.9955
vn 0.3262 0.9453 0.0014
vn 0.2256 0.9742 0.0005
vn -0.0523 0.0104 -0.9986
vn -0.0476 0.0065 -0.9988
vn -0.3557 -0.9346 -0.0016
vn -0.0951 0.0062 0.9955
vn 0.2460 0.9693 -0.0059
vn -0.0478 0.0049 -0.9988
vn -0.7305 -0.6828 -0.0100
vn -0.6236 -0.7817 -0.0079
vn -0.7307 -0.6826 -0.0100
vn -0.1426 0.0265 0.9894
vn -0.2072 0.0358 0.9776
vn -0.1482 0.0277 0.9886
vn 0.6083 0.7937 0.0074
vn 0.4142 0.9102 0.0026
vn 0.6078 0.7941 0.0074
vn -0.0385 0.0254 -0.9989
vn -0.0520 0.0190 -0.9985
vn -0.0520 0.0191 -0.9985
vn -0.0375 0.0257 -0.9990
vn -0.6191 -0.7853 -0.0073
vn -0.2093 0.0302 0.9774
vn 0.4307 0.9025 0.0026
vn -0.0559 0.0147 -0.9983
vn -0.0559 0.0148 -0.9983
vn -0.8396 -0.5432 -0.0081
vn -0.8765 -0.4813 -0.0099
vn -0.8764 -0.4814 -0.0099
vn -0.1274 0.0324 0.9913
vn -0.1280 0.0325 0.9912
vn 0.8595 0.5111 0.0114
vn 0.8661 0.4997 0.0114
vn -0.0656 0.0430 -0.9969
vn -0.0650 0.0429 -0.9970
vn -0.8636 -0.5040 -0.0115
vn -0.8637 -0.5039 -0.0115
vn -0.0858 0.0180 0.9962
vn -0.0855 0.0177 0.9962
vn 0.8240 0.5664 0.0113
vn 0.8239 0.5666 0.0113
vn -0.0248 0.0317 -0.9992
vn -0.0248 0.0319 -0.9992
vn 0.6891 -0.7246 -0.0046
vn 0.5851 -0.8109 -0.0014
vn 0.6871 -0.7266 -0.0046
vn -0.2563 -0.1357 0.9570
vn -0.2379 -0.1427 0.9607
vn -0.9152 0.4027 0.0140
vn -0.9157 0.4015 0.0141
vn -0.3342 -0.1415 -0.9318
vn -0.3394 -0.1268 -0.9320
vn 0.7960 -0.6052 -0.0058
vn 0.7958 -0.6055 -0.0058
vn -0.1404 -0.1821 0.9732
vn -0.1403 -0.1821 0.9732
vn -0.9444 0.3282 0.0197
vn -0.2880 -0.2118 -0.9339
vn -0.2879 -0.2118 -0.9339
vn 0.7942 -0.6077 -0.0072
vn 0.7941 -0.6077 -0.0072
vn -0.1590 -0.1732 0.9720
vn -0.1547 -0.1753 0.9723
vn -0.9436 0.3305 0.0178
vn -0.3010 -0.2030 -0.9318
vn -0.3049 -0.2003 -0.9311
vn 0.7631 -0.6431 -0.0644
vn 0.7680 -0.6367 -0.0690
vn 0.7630 -0.6432 -0.0643
vn 0.1228 0.1354 -0.9831
vn 0.2065 0.1411 -0.9682
vn -0.5007 0.8616 0.0828
vn -0.5062 0.8585 0.0824
vn 0.3933 -0.0702 0.9167
vn 0.3918 -0.0588 0.9182
vn 0.3929 -0.0674 0.9171
vn 0.7531 -0.6556 -0.0546
vn 0.7528 -0.6560 -0.0543
vn 0.4786 0.1424 -0.8664
vn 0.4856 0.1375 -0.8633
vn -0.2299 0.9675 0.1057
vn -0.2311 0.9673 0.1047
vn 0.3896 -0.0921 0.9164
vn 0.3912 -0.0885 0.9160
vn 0.7478 -0.6621 -0.0490
vn 0.5041 0.1242 -0.8546
vn -0.2126 0.9699 0.1188
vn 0.3848 -0.1027 0.9173
vn -0.4121 0.5423 -0.7322
vn 0.4120 0.5423 -0.7322
vn -0.1487 -0.4874 -0.8604
vn 0.1487 0.4874 0.8604
vn 0.0742 0.9583 -0.2761
vn -0.0742 0.9583 -0.2761
vn -0.1487 0.4875 0.8604
vn 0.4167 -0.3388 0.8435
vn -0.8124 0.5297 0.2440
vn -0.7625 -0.6470 0.0015
vn -0.0801 0.4959 -0.8647
vn 0.0801 -0.4959 0.8647
vn 0.1487 -0.4875 -0.8604
vn 0.1486 -0.4834 0.8627
vn -0.4167 0.3388 -0.8435
vn 0.7624 -0.6470 0.0015
vn -0.5623 0.0583 -0.8248
vt 0.376935 0.513744
vt 0.469941 0.513744
vt 0.471140 0.593335
vt 0.375018 0.593335
vt 0.250676 0.640162
vt 0.339620 0.612548
vt 0.358981 0.689855
vt 0.250405 0.723630
vt 0.487177 0.492043
vt 0.580190 0.492675
vt 0.583306 0.572298
vt 0.487177 0.571645
vt 0.081820 0.537213
vt 0.165433 0.562731
vt 0.146516 0.640697
vt 0.060354 0.606318
vt 0.379067 0.441164
vt 0.468893 0.441592
vt 0.237663 0.560619
vt 0.325642 0.540924
vt 0.488251 0.412647
vt 0.578289 0.412848
vt 0.487177 0.590953
vt 0.487177 0.588335
vt 0.489478 0.588349
vt 0.489478 0.590966
vt 0.846746 0.903788
vt 0.877891 0.898866
vt 0.878927 0.914020
vt 0.840162 0.919110
vt 0.099709 0.076564
vt 0.080859 0.058381
vt 0.137065 0.024552
vt 0.147356 0.049135
vt 0.112840 0.083921
vt 0.240573 0.869628
vt 0.242451 0.869775
vt 0.242449 0.871175
vt 0.240571 0.871029
vt 0.951366 0.760975
vt 0.919686 0.763600
vt 0.920726 0.707565
vt 0.947586 0.708560
vt 0.324613 0.088290
vt 0.292604 0.051712
vt 0.304548 0.028801
vt 0.358981 0.070677
vt 0.840162 0.880168
vt 0.313155 0.853591
vt 0.216692 0.853585
vt 0.216692 0.739667
vt 0.313155 0.739673
vt 0.140359 0.723992
vt 0.035184 0.681959
vt 0.491928 0.219534
vt 0.567130 0.218228
vt 0.570526 0.277819
vt 0.490864 0.278002
vt 0.216692 0.363393
vt 0.291920 0.359031
vt 0.302018 0.412724
vt 0.223016 0.423812
vt 0.389961 0.257352
vt 0.465146 0.259169
vt 0.466394 0.312379
vt 0.386743 0.311654
vt 0.126253 0.358595
vt 0.200655 0.368752
vt 0.190067 0.427513
vt 0.112458 0.410365
vt 0.574288 0.341740
vt 0.489574 0.341935
vt 0.313828 0.476825
vt 0.229815 0.488616
vt 0.467679 0.377180
vt 0.382976 0.376410
vt 0.178498 0.491770
vt 0.095965 0.473534
vt 0.493227 0.057583
vt 0.543189 0.056639
vt 0.549409 0.099882
vt 0.493119 0.101691
vt 0.232446 0.189421
vt 0.281192 0.201003
vt 0.284437 0.237381
vt 0.227993 0.236054
vt 0.412071 0.103070
vt 0.462021 0.104354
vt 0.463000 0.141008
vt 0.406730 0.138814
vt 0.147801 0.200617
vt 0.197182 0.192853
vt 0.198305 0.240828
vt 0.142107 0.237787
vt 0.557605 0.153537
vt 0.492506 0.155629
vt 0.287957 0.295379
vt 0.222679 0.293844
vt 0.463909 0.197850
vt 0.398832 0.195314
vt 0.199521 0.299437
vt 0.134527 0.295920
vt 0.219285 0.925289
vt 0.252206 0.925742
vt 0.259042 0.961748
vt 0.216692 0.961748
vt 0.313377 0.112997
vt 0.275023 0.094802
vt 0.424637 0.008019
vt 0.463608 0.008681
vt 0.463484 0.028945
vt 0.421142 0.028352
vt 0.161756 0.094245
vt 0.122169 0.109400
vt 0.193722 0.876056
vt 0.193722 0.918523
vt 0.162303 0.921003
vt 0.162303 0.874820
vt 0.294197 0.152063
vt 0.252487 0.132276
vt 0.462531 0.060731
vt 0.416483 0.060086
vt 0.181397 0.133490
vt 0.138345 0.149972
vt 0.492206 0.008352
vt 0.538261 0.008019
vt 0.226529 0.905351
vt 0.247370 0.906573
vt 0.279477 0.035814
vt 0.285297 0.019272
vt 0.059278 0.928514
vt 0.038322 0.928908
vt 0.035184 0.912421
vt 0.062145 0.912421
vt 0.156935 0.016204
vt 0.161413 0.033145
vt 0.242455 0.871224
vt 0.240553 0.871075
vt 0.244959 0.009600
vt 0.245325 0.008019
vt 0.245376 0.008033
vt 0.245006 0.009636
vt 0.051324 0.963949
vt 0.049432 0.964022
vt 0.049418 0.963977
vt 0.051334 0.963903
vt 0.195436 0.008019
vt 0.195675 0.009624
vt 0.195629 0.009655
vt 0.195387 0.008029
vt 0.242863 0.874320
vt 0.239349 0.874045
vt 0.248729 0.008962
vt 0.248045 0.011923
vt 0.048475 0.961065
vt 0.052014 0.960929
vt 0.192652 0.011685
vt 0.192205 0.008681
vt 0.116511 0.919716
vt 0.144255 0.916429
vt 0.146266 0.937709
vt 0.114474 0.937709
vt 0.079183 0.091336
vt 0.059690 0.077980
vt 0.951366 0.787025
vt 0.923445 0.786048
vt 0.332231 0.783813
vt 0.354399 0.791883
vt 0.354893 0.812997
vt 0.329192 0.808267
vt 0.118711 0.896986
vt 0.132419 0.893665
vt 0.056235 0.108179
vt 0.045076 0.102865
vt 0.941702 0.815051
vt 0.927765 0.812881
vt 0.343567 0.759546
vt 0.354362 0.765523
vt 0.119491 0.884927
vt 0.126956 0.883118
vt 0.045616 0.115985
vt 0.039540 0.113091
vt 0.937349 0.826374
vt 0.929759 0.825192
vt 0.348781 0.748420
vt 0.354659 0.751675
vt 0.120104 0.875439
vt 0.122657 0.874820
vt 0.037262 0.122127
vt 0.035184 0.121137
vt 0.933924 0.835283
vt 0.931329 0.834879
vt 0.352883 0.739667
vt 0.354893 0.740780
vt 0.654249 0.035587
vt 0.654256 0.009634
vt 0.662877 0.009584
vt 0.665849 0.035519
vt 0.671168 0.009435
vt 0.677006 0.035319
vt 0.678810 0.009193
vt 0.687290 0.034993
vt 0.685510 0.008868
vt 0.696306 0.034555
vt 0.691010 0.008471
vt 0.703707 0.034021
vt 0.695099 0.008019
vt 0.709210 0.033413
vt 0.767646 0.453432
vt 0.770807 0.427547
vt 0.775255 0.427675
vt 0.773631 0.453605
vt 0.779884 0.427718
vt 0.779860 0.453663
vt 0.784516 0.427675
vt 0.786093 0.453606
vt 0.788972 0.427548
vt 0.792089 0.453434
vt 0.793081 0.427341
vt 0.797619 0.453156
vt 0.725247 0.033557
vt 0.737939 0.008714
vt 0.743440 0.008476
vt 0.732649 0.033236
vt 0.750141 0.008281
vt 0.741666 0.032974
vt 0.757783 0.008137
vt 0.751951 0.032779
vt 0.766074 0.008048
vt 0.763108 0.032660
vt 0.774695 0.008019
vt 0.774709 0.032621
vt 0.783315 0.008050
vt 0.786308 0.032663
vt 0.791602 0.008140
vt 0.797459 0.032784
vt 0.799237 0.008286
vt 0.807734 0.032981
vt 0.805928 0.008483
vt 0.816738 0.033245
vt 0.811418 0.008722
vt 0.824125 0.033567
vt 0.547819 0.613829
vt 0.552360 0.588335
vt 0.556469 0.588431
vt 0.553348 0.613958
vt 0.560924 0.588490
vt 0.559344 0.614037
vt 0.565556 0.588510
vt 0.565576 0.614063
vt 0.570185 0.588490
vt 0.571805 0.614036
vt 0.574633 0.588431
vt 0.577792 0.613957
vt 0.599343 0.033413
vt 0.613454 0.008019
vt 0.617532 0.008471
vt 0.604830 0.034021
vt 0.623022 0.008868
vt 0.612218 0.034555
vt 0.629713 0.009193
vt 0.621222 0.034993
vt 0.637349 0.009435
vt 0.631498 0.035319
vt 0.966918 0.888070
vt 0.966918 0.896703
vt 0.966010 0.905287
vt 0.964230 0.913492
vt 0.961645 0.921005
vt 0.958356 0.927535
vt 0.954488 0.932831
vt 0.950190 0.936691
vt 0.945628 0.938966
vt 0.940976 0.939568
vt 0.936414 0.938475
vt 0.932116 0.935728
vt 0.928248 0.931433
vt 0.924959 0.925755
vt 0.922374 0.918912
vt 0.920594 0.911167
vt 0.919686 0.902818
vt 0.919686 0.894186
vt 0.920594 0.885602
vt 0.922374 0.877396
vt 0.924959 0.869884
vt 0.928248 0.863354
vt 0.932116 0.858058
vt 0.936414 0.854198
vt 0.940976 0.851923
vt 0.945628 0.851321
vt 0.950190 0.852414
vt 0.954488 0.855161
vt 0.958356 0.859456
vt 0.961645 0.865134
vt 0.964230 0.871977
vt 0.966010 0.879722
vt 0.645637 0.009584
vt 0.642649 0.035519
vt 0.178039 0.797726
vt 0.178039 0.809342
vt 0.176818 0.820576
vt 0.174422 0.830997
vt 0.170944 0.840204
vt 0.166517 0.847842
vt 0.161311 0.853620
vt 0.155527 0.857314
vt 0.149387 0.858783
vt 0.143126 0.857970
vt 0.136986 0.854906
vt 0.131202 0.849709
vt 0.125997 0.842580
vt 0.121570 0.833791
vt 0.118091 0.823681
vt 0.115696 0.812638
vt 0.114474 0.801086
vt 0.114474 0.789470
vt 0.115696 0.778235
vt 0.118091 0.767815
vt 0.121570 0.758608
vt 0.125997 0.750969
vt 0.131202 0.745191
vt 0.136986 0.741497
vt 0.143126 0.740029
vt 0.149387 0.740842
vt 0.155527 0.743905
vt 0.161311 0.749102
vt 0.166517 0.756232
vt 0.170944 0.765021
vt 0.174422 0.775131
vt 0.176818 0.786174
vt 0.642709 0.411236
vt 0.642677 0.210854
vt 0.654276 0.210921
vt 0.654308 0.411304
vt 0.631557 0.411036
vt 0.631525 0.210653
vt 0.621281 0.410710
vt 0.621250 0.210328
vt 0.612277 0.410272
vt 0.612245 0.209890
vt 0.604889 0.409739
vt 0.604857 0.209356
vt 0.577792 0.991875
vt 0.577792 0.790318
vt 0.583306 0.790189
vt 0.583306 0.991745
vt 0.571805 0.991954
vt 0.571805 0.790398
vt 0.565576 0.991981
vt 0.565576 0.790425
vt 0.559344 0.991955
vt 0.559344 0.790399
vt 0.553348 0.991875
vt 0.553348 0.790319
vt 0.547819 0.991746
vt 0.547819 0.790190
vt 0.816738 0.410435
vt 0.816738 0.209267
vt 0.824125 0.209589
vt 0.824125 0.410757
vt 0.807734 0.410171
vt 0.807734 0.209003
vt 0.797459 0.409974
vt 0.797459 0.208806
vt 0.786308 0.409853
vt 0.786308 0.208685
vt 0.774709 0.409811
vt 0.774709 0.208643
vt 0.763108 0.409850
vt 0.763108 0.208682
vt 0.751951 0.409969
vt 0.751951 0.208801
vt 0.741666 0.410164
vt 0.741666 0.208996
vt 0.732649 0.410426
vt 0.732649 0.209258
vt 0.725247 0.410747
vt 0.725247 0.209579
vt 0.792089 0.830968
vt 0.792089 0.629617
vt 0.797619 0.629338
vt 0.797619 0.830689
vt 0.786093 0.831140
vt 0.786093 0.629788
vt 0.779860 0.831197
vt 0.779860 0.629846
vt 0.773631 0.831139
vt 0.773631 0.629787
vt 0.767646 0.830966
vt 0.767646 0.629615
vt 0.762133 0.830686
vt 0.762133 0.629335
vt 0.696365 0.410272
vt 0.696334 0.209890
vt 0.703735 0.209356
vt 0.703767 0.409739
vt 0.687349 0.410710
vt 0.687318 0.210328
vt 0.677065 0.411036
vt 0.677034 0.210653
vt 0.665909 0.411236
vt 0.665877 0.210854
vt 0.642661 0.110662
vt 0.654260 0.110730
vt 0.631510 0.110462
vt 0.621234 0.110137
vt 0.612229 0.109699
vt 0.604842 0.109165
vt 0.577792 0.689540
vt 0.583306 0.689411
vt 0.571805 0.689620
vt 0.565576 0.689647
vt 0.559344 0.689620
vt 0.553348 0.689541
vt 0.547819 0.689412
vt 0.816738 0.108683
vt 0.824125 0.109005
vt 0.807734 0.108419
vt 0.797459 0.108222
vt 0.786308 0.108101
vt 0.774709 0.108059
vt 0.763108 0.108098
vt 0.751951 0.108217
vt 0.741666 0.108412
vt 0.732649 0.108674
vt 0.725247 0.108995
vt 0.792089 0.528941
vt 0.797619 0.528662
vt 0.786093 0.529113
vt 0.779860 0.529170
vt 0.773631 0.529112
vt 0.767646 0.528939
vt 0.762133 0.528659
vt 0.696318 0.109699
vt 0.703719 0.109165
vt 0.687302 0.110137
vt 0.677018 0.110462
vt 0.665861 0.110662
vt 0.642653 0.060567
vt 0.654253 0.060634
vt 0.631502 0.060366
vt 0.621226 0.060041
vt 0.612221 0.059603
vt 0.604834 0.059069
vt 0.577792 0.639151
vt 0.583306 0.639022
vt 0.571805 0.639231
vt 0.565576 0.639258
vt 0.559344 0.639231
vt 0.553348 0.639152
vt 0.547819 0.639023
vt 0.816738 0.058391
vt 0.824125 0.058713
vt 0.807734 0.058127
vt 0.797459 0.057930
vt 0.786308 0.057809
vt 0.774709 0.057767
vt 0.763108 0.057806
vt 0.751951 0.057925
vt 0.741666 0.058120
vt 0.732649 0.058382
vt 0.725247 0.058703
vt 0.792089 0.478603
vt 0.797619 0.478325
vt 0.786093 0.478775
vt 0.779860 0.478832
vt 0.773631 0.478774
vt 0.767646 0.478601
vt 0.762133 0.478322
vt 0.696310 0.059603
vt 0.703711 0.059069
vt 0.687294 0.060041
vt 0.677010 0.060366
vt 0.665853 0.060567
vt 0.583306 0.613827
vt 0.762133 0.453153
vt 0.854080 0.613708
vt 0.856097 0.691528
vt 0.855953 0.691528
vt 0.850113 0.613709
vt 0.855903 0.691528
vt 0.846378 0.613711
vt 0.855857 0.691528
vt 0.843018 0.613714
vt 0.855819 0.691528
vt 0.840162 0.613718
vt 0.936047 0.085840
vt 0.947722 0.008019
vt 0.947763 0.008019
vt 0.939076 0.085844
vt 0.947808 0.008019
vt 0.942448 0.085847
vt 0.947857 0.008019
vt 0.946031 0.085848
vt 0.948006 0.008019
vt 0.949690 0.085848
vt 0.948154 0.008019
vt 0.953282 0.085847
vt 0.948200 0.008019
vt 0.956670 0.085844
vt 0.948241 0.008019
vt 0.959725 0.085841
vt 0.888105 0.085831
vt 0.904252 0.008019
vt 0.904289 0.008019
vt 0.890856 0.085835
vt 0.904334 0.008019
vt 0.894134 0.085838
vt 0.904383 0.008019
vt 0.897812 0.085841
vt 0.904436 0.008019
vt 0.901750 0.085842
vt 0.904582 0.008019
vt 0.905795 0.085842
vt 0.904727 0.008019
vt 0.909793 0.085841
vt 0.904778 0.008019
vt 0.913590 0.085839
vt 0.904824 0.008019
vt 0.917040 0.085836
vt 0.904865 0.008019
vt 0.920010 0.085832
vt 0.975762 0.085708
vt 0.987419 0.008019
vt 0.987460 0.008019
vt 0.978794 0.085692
vt 0.987505 0.008019
vt 0.982167 0.085681
vt 0.987554 0.008019
vt 0.985751 0.085675
vt 0.987703 0.008019
vt 0.989410 0.085674
vt 0.987851 0.008019
vt 0.993001 0.085679
vt 0.987897 0.008019
vt 0.996388 0.085689
vt 0.987938 0.008019
vt 0.999440 0.085704
vt 0.872067 0.613717
vt 0.856430 0.691528
vt 0.856392 0.691528
vt 0.869202 0.613714
vt 0.867518 0.613712
vt 0.856369 0.691528
vt 0.856346 0.691528
vt 0.865835 0.613711
vt 0.856296 0.691528
vt 0.862095 0.613709
vt 0.522255 0.588838
vt 0.522255 0.588693
vt 0.522265 0.588548
vt 0.522281 0.588496
vt 0.522306 0.588449
vt 0.522322 0.588428
vt 0.522338 0.588408
vt 0.522377 0.588374
vt 0.522422 0.588350
vt 0.522470 0.588336
vt 0.522619 0.588335
vt 0.522768 0.588346
vt 0.522815 0.588363
vt 0.522857 0.588390
vt 0.522894 0.588426
vt 0.522924 0.588469
vt 0.522946 0.588518
vt 0.522958 0.588571
vt 0.522958 0.588716
vt 0.522949 0.588861
vt 0.522933 0.588913
vt 0.522908 0.588960
vt 0.522875 0.589002
vt 0.522836 0.589035
vt 0.522792 0.589059
vt 0.522744 0.589073
vt 0.522594 0.589074
vt 0.522445 0.589064
vt 0.522399 0.589046
vt 0.522356 0.589019
vt 0.522319 0.588983
vt 0.522289 0.588940
vt 0.522268 0.588891
vt 0.856242 0.691528
vt 0.858125 0.613708
vt 0.506218 0.588693
vt 0.506218 0.588839
vt 0.506205 0.588892
vt 0.506184 0.588941
vt 0.506154 0.588984
vt 0.506117 0.589020
vt 0.506074 0.589047
vt 0.506028 0.589064
vt 0.505879 0.589075
vt 0.505729 0.589074
vt 0.505681 0.589060
vt 0.505637 0.589036
vt 0.505598 0.589002
vt 0.505565 0.588961
vt 0.505540 0.588914
vt 0.505524 0.588862
vt 0.505515 0.588717
vt 0.505515 0.588571
vt 0.505527 0.588518
vt 0.505549 0.588470
vt 0.505579 0.588426
vt 0.505616 0.588390
vt 0.505658 0.588363
vt 0.505705 0.588346
vt 0.505854 0.588335
vt 0.506003 0.588336
vt 0.506051 0.588350
vt 0.506095 0.588374
vt 0.506135 0.588408
vt 0.506151 0.588428
vt 0.506167 0.588449
vt 0.506192 0.588496
vt 0.506208 0.588548
vt 0.858125 0.208968
vt 0.858125 0.349747
vt 0.854080 0.349747
vt 0.854080 0.208968
vt 0.862094 0.208969
vt 0.862094 0.349748
vt 0.865835 0.208971
vt 0.865835 0.349750
vt 0.867518 0.208972
vt 0.867518 0.349752
vt 0.872067 0.208977
vt 0.872067 0.349756
vt 0.869202 0.349753
vt 0.869202 0.208974
vt 0.996388 0.490420
vt 0.996388 0.349644
vt 0.999440 0.349658
vt 0.999440 0.490434
vt 0.993001 0.490410
vt 0.993001 0.349634
vt 0.989410 0.490405
vt 0.989410 0.349629
vt 0.985751 0.490406
vt 0.985751 0.349630
vt 0.982167 0.490412
vt 0.982167 0.349636
vt 0.978794 0.490423
vt 0.978794 0.349647
vt 0.975762 0.490438
vt 0.975762 0.349662
vt 0.917040 0.490575
vt 0.917040 0.349796
vt 0.920010 0.349792
vt 0.920010 0.490571
vt 0.913590 0.490579
vt 0.913590 0.349800
vt 0.909793 0.490581
vt 0.909793 0.349802
vt 0.905795 0.490582
vt 0.905795 0.349803
vt 0.901750 0.490581
vt 0.901750 0.349803
vt 0.897812 0.490580
vt 0.897812 0.349801
vt 0.894134 0.490578
vt 0.894134 0.349799
vt 0.890856 0.490574
vt 0.890856 0.349795
vt 0.888105 0.490570
vt 0.888105 0.349791
vt 0.956670 0.490584
vt 0.956670 0.349805
vt 0.959725 0.349801
vt 0.959725 0.490580
vt 0.953282 0.490587
vt 0.953282 0.349808
vt 0.949690 0.490588
vt 0.949690 0.349809
vt 0.946031 0.490588
vt 0.946031 0.349809
vt 0.942448 0.490586
vt 0.942448 0.349807
vt 0.939076 0.490583
vt 0.939076 0.349804
vt 0.936047 0.490579
vt 0.936047 0.349800
vt 0.843018 0.208975
vt 0.843018 0.349754
vt 0.840162 0.349757
vt 0.840162 0.208978
vt 0.846378 0.208972
vt 0.846378 0.349751
vt 0.850113 0.208970
vt 0.850113 0.349749
vt 0.858125 0.420137
vt 0.858125 0.490526
vt 0.854080 0.490526
vt 0.854080 0.420137
vt 0.862095 0.420138
vt 0.862094 0.490527
vt 0.865835 0.420140
vt 0.865835 0.490529
vt 0.867518 0.420141
vt 0.867518 0.490531
vt 0.872067 0.420146
vt 0.872067 0.490535
vt 0.869202 0.490532
vt 0.869202 0.420142
vt 0.996388 0.279256
vt 0.996388 0.208868
vt 0.999440 0.208883
vt 0.999440 0.279270
vt 0.993001 0.279246
vt 0.993001 0.208858
vt 0.989410 0.279241
vt 0.989410 0.208853
vt 0.985751 0.279242
vt 0.985751 0.208854
vt 0.982167 0.279248
vt 0.982167 0.208860
vt 0.978794 0.279259
vt 0.978794 0.208871
vt 0.975762 0.279274
vt 0.975762 0.208886
vt 0.917040 0.279407
vt 0.917040 0.209017
vt 0.920010 0.209013
vt 0.920010 0.279403
vt 0.913590 0.279410
vt 0.913590 0.209021
vt 0.909793 0.279412
vt 0.909793 0.209023
vt 0.905795 0.279413
vt 0.905795 0.209024
vt 0.901750 0.279413
vt 0.901750 0.209024
vt 0.897812 0.279412
vt 0.897812 0.209022
vt 0.894134 0.279409
vt 0.894134 0.209020
vt 0.890856 0.279406
vt 0.890856 0.209016
vt 0.888105 0.279402
vt 0.888105 0.209012
vt 0.956670 0.279416
vt 0.956670 0.209026
vt 0.959725 0.209022
vt 0.959725 0.279412
vt 0.953282 0.279418
vt 0.953282 0.209029
vt 0.949690 0.279419
vt 0.949690 0.209030
vt 0.946031 0.279419
vt 0.946031 0.209030
vt 0.942448 0.279418
vt 0.942448 0.209028
vt 0.939076 0.279415
vt 0.939076 0.209025
vt 0.936047 0.279411
vt 0.936047 0.209021
vt 0.843018 0.420143
vt 0.843018 0.490533
vt 0.840162 0.490536
vt 0.840162 0.420147
vt 0.846378 0.420140
vt 0.846378 0.490530
vt 0.850113 0.420138
vt 0.850113 0.490528
vt 0.854080 0.402540
vt 0.850113 0.402541
vt 0.846378 0.402543
vt 0.843018 0.402546
vt 0.840162 0.402550
vt 0.936047 0.297008
vt 0.939076 0.297012
vt 0.942448 0.297015
vt 0.946031 0.297017
vt 0.949690 0.297017
vt 0.953282 0.297015
vt 0.956670 0.297013
vt 0.959725 0.297009
vt 0.888105 0.296999
vt 0.890856 0.297003
vt 0.894134 0.297007
vt 0.897812 0.297009
vt 0.901750 0.297010
vt 0.905795 0.297011
vt 0.909793 0.297010
vt 0.913590 0.297007
vt 0.917040 0.297004
vt 0.920010 0.297000
vt 0.975762 0.296871
vt 0.978794 0.296856
vt 0.982167 0.296845
vt 0.985751 0.296839
vt 0.989410 0.296838
vt 0.993001 0.296843
vt 0.996388 0.296853
vt 0.999440 0.296867
vt 0.872067 0.402549
vt 0.869202 0.402545
vt 0.867518 0.402544
vt 0.865835 0.402542
vt 0.862094 0.402540
vt 0.858125 0.402539
vt 0.858125 0.384942
vt 0.854080 0.384942
vt 0.862095 0.384943
vt 0.865835 0.384945
vt 0.867518 0.384946
vt 0.872067 0.384951
vt 0.869202 0.384948
vt 0.996388 0.314450
vt 0.999440 0.314464
vt 0.993001 0.314440
vt 0.989410 0.314435
vt 0.985751 0.314436
vt 0.982167 0.314442
vt 0.978794 0.314453
vt 0.975762 0.314468
vt 0.917040 0.314602
vt 0.920010 0.314598
vt 0.913590 0.314605
vt 0.909793 0.314607
vt 0.905795 0.314608
vt 0.901750 0.314608
vt 0.897812 0.314606
vt 0.894134 0.314604
vt 0.890856 0.314601
vt 0.888105 0.314596
vt 0.956670 0.314610
vt 0.959725 0.314606
vt 0.953282 0.314613
vt 0.949690 0.314614
vt 0.946031 0.314614
vt 0.942448 0.314612
vt 0.939076 0.314609
vt 0.936047 0.314605
vt 0.843018 0.384948
vt 0.840162 0.384952
vt 0.846378 0.384945
vt 0.850113 0.384943
vt 0.869202 0.560921
vt 0.867518 0.560920
vt 0.858125 0.560916
vt 0.854080 0.560916
vt 0.862095 0.560917
vt 0.865835 0.560919
vt 0.872067 0.560925
vt 0.996388 0.138480
vt 0.999440 0.138495
vt 0.993001 0.138470
vt 0.989410 0.138465
vt 0.985751 0.138466
vt 0.982167 0.138472
vt 0.978794 0.138483
vt 0.975762 0.138498
vt 0.917040 0.138628
vt 0.920010 0.138624
vt 0.913590 0.138631
vt 0.909793 0.138633
vt 0.905795 0.138634
vt 0.901750 0.138634
vt 0.897812 0.138633
vt 0.894134 0.138630
vt 0.890856 0.138627
vt 0.888105 0.138623
vt 0.956670 0.138637
vt 0.959725 0.138633
vt 0.953282 0.138639
vt 0.949690 0.138640
vt 0.946031 0.138640
vt 0.942448 0.138639
vt 0.939076 0.138636
vt 0.936047 0.138632
vt 0.843018 0.560922
vt 0.840162 0.560926
vt 0.846378 0.560919
vt 0.850113 0.560917
vt 0.869202 0.596116
vt 0.867518 0.596115
vt 0.858125 0.596111
vt 0.854080 0.596111
vt 0.862095 0.596112
vt 0.865835 0.596113
vt 0.872067 0.596120
vt 0.996388 0.103286
vt 0.999440 0.103301
vt 0.993001 0.103276
vt 0.989410 0.103271
vt 0.985751 0.103272
vt 0.982167 0.103278
vt 0.978794 0.103289
vt 0.975762 0.103304
vt 0.917040 0.103433
vt 0.920010 0.103429
vt 0.913590 0.103436
vt 0.909793 0.103438
vt 0.905795 0.103439
vt 0.901750 0.103439
vt 0.897812 0.103438
vt 0.894134 0.103436
vt 0.890856 0.103432
vt 0.888105 0.103428
vt 0.956670 0.103442
vt 0.959725 0.103438
vt 0.953282 0.103444
vt 0.949690 0.103446
vt 0.946031 0.103445
vt 0.942448 0.103444
vt 0.939076 0.103441
vt 0.936047 0.103437
vt 0.843018 0.596117
vt 0.840162 0.596121
vt 0.846378 0.596114
vt 0.850113 0.596112
vt 0.869202 0.138584
vt 0.867518 0.138583
vt 0.854080 0.138579
vt 0.850113 0.138580
vt 0.846378 0.138582
vt 0.843018 0.138585
vt 0.840162 0.138589
vt 0.936047 0.560969
vt 0.939076 0.560973
vt 0.942448 0.560975
vt 0.946031 0.560977
vt 0.949690 0.560977
vt 0.953282 0.560976
vt 0.956670 0.560973
vt 0.959725 0.560970
vt 0.888105 0.560960
vt 0.890856 0.560964
vt 0.894134 0.560967
vt 0.897812 0.560970
vt 0.901750 0.560971
vt 0.905795 0.560971
vt 0.909793 0.560970
vt 0.913590 0.560968
vt 0.917040 0.560965
vt 0.920010 0.560961
vt 0.975762 0.560826
vt 0.978794 0.560811
vt 0.982167 0.560800
vt 0.985751 0.560794
vt 0.989410 0.560793
vt 0.993001 0.560798
vt 0.996388 0.560808
vt 0.999440 0.560822
vt 0.872067 0.138588
vt 0.865835 0.138582
vt 0.862094 0.138580
vt 0.858125 0.138579
vt 0.858125 0.103384
vt 0.854080 0.103384
vt 0.862094 0.103385
vt 0.865835 0.103387
vt 0.867518 0.103388
vt 0.872067 0.103393
vt 0.869202 0.103390
vt 0.996388 0.596002
vt 0.999440 0.596016
vt 0.993001 0.595992
vt 0.989410 0.595987
vt 0.985751 0.595988
vt 0.982167 0.595994
vt 0.978794 0.596005
vt 0.975762 0.596020
vt 0.917040 0.596160
vt 0.920010 0.596156
vt 0.913590 0.596163
vt 0.909793 0.596165
vt 0.905795 0.596166
vt 0.901750 0.596166
vt 0.897812 0.596164
vt 0.894134 0.596162
vt 0.890856 0.596159
vt 0.888105 0.596154
vt 0.956670 0.596168
vt 0.959725 0.596164
vt 0.953282 0.596171
vt 0.949690 0.596172
vt 0.946031 0.596172
vt 0.942448 0.596170
vt 0.939076 0.596167
vt 0.936047 0.596163
vt 0.843018 0.103390
vt 0.840162 0.103394
vt 0.846378 0.103387
vt 0.850113 0.103385
vt 0.869202 0.094591
vt 0.867518 0.094590
vt 0.854080 0.094585
vt 0.850113 0.094587
vt 0.846378 0.094589
vt 0.843018 0.094592
vt 0.840162 0.094595
vt 0.936047 0.604962
vt 0.939076 0.604966
vt 0.942448 0.604969
vt 0.946031 0.604970
vt 0.949690 0.604971
vt 0.953282 0.604969
vt 0.956670 0.604967
vt 0.959725 0.604963
vt 0.888105 0.604953
vt 0.890856 0.604957
vt 0.894134 0.604961
vt 0.897812 0.604963
vt 0.901750 0.604964
vt 0.905795 0.604965
vt 0.909793 0.604964
vt 0.913590 0.604961
vt 0.917040 0.604958
vt 0.920010 0.604954
vt 0.975762 0.604819
vt 0.978794 0.604803
vt 0.982167 0.604792
vt 0.985751 0.604786
vt 0.989410 0.604786
vt 0.993001 0.604790
vt 0.996388 0.604800
vt 0.999440 0.604815
vt 0.872067 0.094594
vt 0.865835 0.094588
vt 0.862094 0.094586
vt 0.858125 0.094585
vt 0.856242 0.008019
vt 0.858125 0.085787
vt 0.854080 0.085787
vt 0.856097 0.008019
vt 0.856296 0.008019
vt 0.862094 0.085788
vt 0.856346 0.008019
vt 0.865835 0.085789
vt 0.856369 0.008019
vt 0.867518 0.085791
vt 0.856430 0.008019
vt 0.872067 0.085796
vt 0.869202 0.085792
vt 0.856392 0.008019
vt 0.987897 0.691513
vt 0.996388 0.613599
vt 0.999440 0.613613
vt 0.987938 0.691513
vt 0.987851 0.691513
vt 0.993001 0.613589
vt 0.987703 0.691513
vt 0.989410 0.613584
vt 0.987554 0.691513
vt 0.985751 0.613585
vt 0.987505 0.691513
vt 0.982167 0.613591
vt 0.987460 0.691513
vt 0.978794 0.613602
vt 0.987419 0.691513
vt 0.975762 0.613617
vt 0.904824 0.691528
vt 0.917040 0.613757
vt 0.920010 0.613753
vt 0.904865 0.691528
vt 0.904778 0.691528
vt 0.913590 0.613760
vt 0.904727 0.691528
vt 0.909793 0.613762
vt 0.904582 0.691528
vt 0.905795 0.613763
vt 0.904436 0.691528
vt 0.901750 0.613763
vt 0.904383 0.691528
vt 0.897812 0.613762
vt 0.904333 0.691528
vt 0.894134 0.613759
vt 0.904289 0.691528
vt 0.890856 0.613756
vt 0.904252 0.691528
vt 0.888105 0.613752
vt 0.948200 0.691527
vt 0.956670 0.613765
vt 0.959725 0.613762
vt 0.948241 0.691527
vt 0.948154 0.691528
vt 0.953282 0.613768
vt 0.948006 0.691528
vt 0.949690 0.613769
vt 0.947857 0.691528
vt 0.946031 0.613769
vt 0.947808 0.691528
vt 0.942448 0.613768
vt 0.947763 0.691528
vt 0.939076 0.613765
vt 0.947722 0.691527
vt 0.936047 0.613761
vt 0.855857 0.008019
vt 0.843018 0.085793
vt 0.840162 0.085797
vt 0.855819 0.008019
vt 0.855903 0.008019
vt 0.846378 0.085790
vt 0.855953 0.008019
vt 0.850113 0.085788
vt 0.405769 0.908426
vt 0.405771 0.919032
vt 0.388010 0.918571
vt 0.388008 0.908249
vt 0.375019 0.917314
vt 0.375018 0.907768
vt 0.452890 0.841306
vt 0.443310 0.840710
vt 0.443306 0.827906
vt 0.451822 0.828436
vt 0.444374 0.815072
vt 0.451825 0.815536
vt 0.514182 0.891702
vt 0.514189 0.899191
vt 0.501195 0.898640
vt 0.501189 0.891934
vt 0.483432 0.898449
vt 0.483427 0.892029
vt 0.465661 0.898668
vt 0.465655 0.891962
vt 0.452642 0.899240
vt 0.452635 0.891750
vt 0.668979 0.453111
vt 0.661562 0.454192
vt 0.660295 0.441456
vt 0.668772 0.440220
vt 0.658374 0.428731
vt 0.667910 0.427341
vt 0.436565 0.907773
vt 0.436567 0.917319
vt 0.423544 0.918574
vt 0.423542 0.908252
vt 0.405777 0.929345
vt 0.388015 0.928607
vt 0.375024 0.926595
vt 0.433811 0.838139
vt 0.434863 0.825621
vt 0.436987 0.813072
vt 0.514198 0.906589
vt 0.501203 0.905264
vt 0.483440 0.904789
vt 0.465669 0.905292
vt 0.452650 0.906637
vt 0.654336 0.456799
vt 0.652036 0.444434
vt 0.649083 0.432082
vt 0.436572 0.926600
vt 0.423550 0.928610
vt 0.405786 0.939187
vt 0.388024 0.938186
vt 0.375033 0.935453
vt 0.424558 0.833638
vt 0.426638 0.821621
vt 0.429789 0.809572
vt 0.514208 0.913768
vt 0.501212 0.911692
vt 0.483449 0.910943
vt 0.465678 0.911720
vt 0.452661 0.913816
vt 0.647424 0.460885
vt 0.644137 0.449104
vt 0.640197 0.437336
vt 0.436580 0.935458
vt 0.423559 0.938189
vt 0.405799 0.948391
vt 0.388037 0.947143
vt 0.375044 0.943737
vt 0.415707 0.827285
vt 0.418770 0.815973
vt 0.422905 0.804630
vt 0.514221 0.920606
vt 0.501223 0.917815
vt 0.483460 0.916804
vt 0.465689 0.917843
vt 0.452674 0.920654
vt 0.640945 0.466381
vt 0.636733 0.455386
vt 0.631866 0.444403
vt 0.436591 0.943742
vt 0.423571 0.947146
vt 0.710890 0.675311
vt 0.711649 0.684698
vt 0.693833 0.687440
vt 0.693094 0.678304
vt 0.680562 0.694925
vt 0.679879 0.686476
vt 0.407410 0.819187
vt 0.411395 0.808775
vt 0.416452 0.798332
vt 0.514235 0.926985
vt 0.501236 0.923527
vt 0.086277 0.748213
vt 0.085795 0.754124
vt 0.068209 0.756846
vt 0.068671 0.751187
vt 0.050393 0.754104
vt 0.050876 0.748192
vt 0.037120 0.746631
vt 0.037659 0.740029
vt 0.635010 0.473194
vt 0.629950 0.463172
vt 0.624235 0.453162
vt 0.741202 0.686467
vt 0.741885 0.694916
vt 0.729237 0.687435
vt 0.728499 0.678299
vt 0.712335 0.695835
vt 0.694501 0.698278
vt 0.681180 0.704948
vt 0.399810 0.809483
vt 0.404639 0.800149
vt 0.410541 0.790784
vt 0.098437 0.746667
vt 0.097950 0.754490
vt 0.085359 0.761130
vt 0.067792 0.763552
vt 0.049957 0.761109
vt 0.036634 0.754454
vt 0.629720 0.481207
vt 0.623904 0.472329
vt 0.617434 0.463464
vt 0.742503 0.704939
vt 0.729905 0.698273
vt 0.712937 0.708530
vt 0.695086 0.710633
vt 0.681722 0.716374
vt 0.393036 0.798339
vt 0.398618 0.790244
vt 0.405272 0.782117
vt 0.097523 0.763401
vt 0.084976 0.769109
vt 0.067426 0.771190
vt 0.049575 0.769088
vt 0.036207 0.763365
vt 0.625165 0.490282
vt 0.618699 0.482701
vt 0.611578 0.475132
vt 0.743045 0.716365
vt 0.730491 0.710628
vt 0.713444 0.722567
vt 0.695580 0.724294
vt 0.682178 0.729007
vt 0.387204 0.785947
vt 0.393434 0.779228
vt 0.400736 0.772479
vt 0.097163 0.773247
vt 0.084654 0.777925
vt 0.067118 0.779630
vt 0.049253 0.777904
vt 0.035847 0.773211
vt 0.621425 0.500264
vt 0.614424 0.494109
vt 0.606769 0.487966
vt 0.743501 0.728998
vt 0.730985 0.724288
vt 0.713848 0.737704
vt 0.695973 0.739026
vt 0.682542 0.742631
vt 0.382414 0.772517
vt 0.389176 0.767291
vt 0.397011 0.762033
vt 0.096877 0.783860
vt 0.084398 0.787428
vt 0.066872 0.788726
vt 0.048996 0.787407
vt 0.035560 0.783824
vt 0.618562 0.510983
vt 0.611152 0.506359
vt 0.603088 0.501747
vt 0.743865 0.742621
vt 0.731378 0.739020
vt 0.714141 0.753684
vt 0.696259 0.754577
vt 0.682806 0.757013
vt 0.378748 0.758281
vt 0.385917 0.754636
vt 0.394159 0.750960
vt 0.096669 0.795058
vt 0.084211 0.797455
vt 0.066694 0.798324
vt 0.048810 0.797434
vt 0.035352 0.795022
vt 0.616625 0.522255
vt 0.608939 0.519241
vt 0.600598 0.516240
vt 0.744129 0.757003
vt 0.731663 0.754572
vt 0.714320 0.770233
vt 0.696432 0.770683
vt 0.682966 0.771906
vt 0.376268 0.743480
vt 0.383713 0.741480
vt 0.392231 0.739449
vt 0.096543 0.806649
vt 0.084098 0.807833
vt 0.066585 0.808259
vt 0.048697 0.807813
vt 0.035226 0.806613
vt 0.615649 0.533887
vt 0.607823 0.532535
vt 0.599343 0.531195
vt 0.744289 0.771897
vt 0.731837 0.770677
vt 0.714379 0.787067
vt 0.696490 0.787066
vt 0.683020 0.787057
vt 0.375018 0.728369
vt 0.382602 0.728048
vt 0.391258 0.727696
vt 0.096500 0.818435
vt 0.084060 0.818387
vt 0.066549 0.818362
vt 0.048659 0.818366
vt 0.035184 0.818399
vt 0.615649 0.545680
vt 0.607823 0.546013
vt 0.599343 0.546358
vt 0.744343 0.787048
vt 0.731895 0.787060
vt 0.714320 0.803899
vt 0.696432 0.803446
vt 0.682966 0.802206
vt 0.375018 0.713207
vt 0.382602 0.714570
vt 0.391258 0.715903
vt 0.096543 0.830214
vt 0.084098 0.828935
vt 0.066585 0.828459
vt 0.048697 0.828914
vt 0.035226 0.830178
vt 0.616625 0.557433
vt 0.608939 0.559445
vt 0.600598 0.561468
vt 0.744289 0.802196
vt 0.731837 0.803441
vt 0.714141 0.820440
vt 0.696259 0.819544
vt 0.682806 0.817093
vt 0.376268 0.698252
vt 0.383714 0.701277
vt 0.392231 0.704271
vt 0.096669 0.841786
vt 0.084211 0.839296
vt 0.066694 0.838377
vt 0.048810 0.839275
vt 0.035352 0.841750
vt 0.618561 0.568944
vt 0.611151 0.572600
vt 0.603088 0.576268
vt 0.744129 0.817084
vt 0.731663 0.819539
vt 0.713848 0.836408
vt 0.695973 0.835084
vt 0.682542 0.831464
vt 0.378748 0.683760
vt 0.385918 0.688395
vt 0.394159 0.693000
vt 0.096877 0.852951
vt 0.084398 0.849293
vt 0.066872 0.847947
vt 0.048996 0.849273
vt 0.035560 0.852915
vt 0.621424 0.580016
vt 0.614423 0.585254
vt 0.606769 0.590504
vt 0.743865 0.831455
vt 0.731378 0.835079
vt 0.713444 0.851529
vt 0.695580 0.849800
vt 0.682178 0.845073
vt 0.382414 0.669980
vt 0.389177 0.676146
vt 0.397011 0.682282
vt 0.097163 0.863519
vt 0.084654 0.858756
vt 0.067118 0.857005
vt 0.049253 0.858736
vt 0.035847 0.863483
vt 0.625165 0.590460
vt 0.618698 0.597190
vt 0.611578 0.603932
vt 0.743501 0.845064
vt 0.730985 0.849795
vt 0.712937 0.865544
vt 0.695086 0.863440
vt 0.681722 0.857687
vt 0.387204 0.657147
vt 0.393435 0.664739
vt 0.400737 0.672301
vt 0.097523 0.873309
vt 0.084976 0.867523
vt 0.067426 0.865397
vt 0.049575 0.867502
vt 0.036207 0.873273
vt 0.629719 0.600097
vt 0.623903 0.608204
vt 0.617433 0.616323
vt 0.743045 0.857678
vt 0.730491 0.863435
vt 0.712335 0.878215
vt 0.694501 0.875771
vt 0.681180 0.869090
vt 0.393036 0.645481
vt 0.398619 0.654369
vt 0.405273 0.663227
vt 0.097950 0.882154
vt 0.085359 0.875442
vt 0.067792 0.872978
vt 0.049957 0.875421
vt 0.036634 0.882118
vt 0.635009 0.608763
vt 0.629949 0.618108
vt 0.624235 0.627465
vt 0.742503 0.869081
vt 0.729905 0.875766
vt 0.711649 0.889323
vt 0.693833 0.886582
vt 0.680562 0.879088
vt 0.399811 0.635181
vt 0.404640 0.645214
vt 0.410542 0.655216
vt 0.098437 0.889901
vt 0.085795 0.882380
vt 0.068209 0.879619
vt 0.050393 0.882359
vt 0.037120 0.889865
vt 0.640944 0.616309
vt 0.636732 0.626732
vt 0.631866 0.637167
vt 0.741885 0.879079
vt 0.729237 0.886577
vt 0.710890 0.898679
vt 0.693094 0.895688
vt 0.679879 0.887509
vt 0.407411 0.626424
vt 0.411396 0.637430
vt 0.416453 0.648405
vt 0.275079 0.933362
vt 0.275089 0.926809
vt 0.288082 0.924235
vt 0.288072 0.930102
vt 0.305844 0.923292
vt 0.305835 0.928909
vt 0.068671 0.885206
vt 0.050876 0.888195
vt 0.037659 0.896384
vt 0.647423 0.622606
vt 0.644136 0.633928
vt 0.640196 0.645262
vt 0.762133 0.940312
vt 0.762143 0.932506
vt 0.775162 0.935689
vt 0.775150 0.944130
vt 0.728499 0.895682
vt 0.792933 0.936852
vt 0.792942 0.927434
vt 0.810705 0.926517
vt 0.810696 0.935683
vt 0.823699 0.924020
vt 0.823691 0.932496
vt 0.415708 0.619359
vt 0.418771 0.631150
vt 0.422906 0.642910
vt 0.275098 0.919835
vt 0.288089 0.917990
vt 0.305851 0.917315
vt 0.323623 0.917990
vt 0.323616 0.924235
vt 0.336645 0.919835
vt 0.336636 0.926809
vt 0.654335 0.627545
vt 0.652035 0.639574
vt 0.649082 0.651613
vt 0.762151 0.924030
vt 0.775170 0.926524
vt 0.792948 0.917433
vt 0.810710 0.916784
vt 0.823704 0.915019
vt 0.424559 0.614108
vt 0.426639 0.626482
vt 0.429790 0.638826
vt 0.275103 0.912560
vt 0.288094 0.911475
vt 0.305856 0.911079
vt 0.323629 0.911475
vt 0.336650 0.912560
vt 0.661561 0.631044
vt 0.660294 0.643572
vt 0.658373 0.656112
vt 0.762157 0.915029
vt 0.775176 0.916791
vt 0.792951 0.907020
vt 0.810713 0.906650
vt 0.823707 0.905647
vt 0.433812 0.610760
vt 0.434864 0.623506
vt 0.436987 0.636222
vt 0.275107 0.905107
vt 0.288097 0.904802
vt 0.305859 0.904690
vt 0.323631 0.904802
vt 0.336654 0.905107
vt 0.668978 0.633041
vt 0.668771 0.645854
vt 0.667909 0.658679
vt 0.762160 0.905658
vt 0.775179 0.906657
vt 0.792951 0.896373
vt 0.810713 0.896288
vt 0.823707 0.896064
vt 0.443311 0.609372
vt 0.443307 0.622273
vt 0.444375 0.635143
vt 0.275107 0.897604
vt 0.288098 0.898084
vt 0.305859 0.898259
vt 0.323632 0.898084
vt 0.336654 0.897604
vt 0.676459 0.633503
vt 0.677321 0.646382
vt 0.677528 0.659273
vt 0.762160 0.896075
vt 0.775179 0.896295
vt 0.792948 0.885673
vt 0.810710 0.885876
vt 0.823704 0.886435
vt 0.452891 0.609969
vt 0.451823 0.622803
vt 0.451826 0.635607
vt 0.275105 0.890180
vt 0.288096 0.891436
vt 0.305857 0.891896
vt 0.323630 0.891436
vt 0.336652 0.890180
vt 0.683877 0.632422
vt 0.685798 0.645146
vt 0.687064 0.657883
vt 0.762157 0.886446
vt 0.775176 0.885882
vt 0.792942 0.875106
vt 0.810705 0.875591
vt 0.823699 0.876924
vt 0.462389 0.612539
vt 0.460265 0.625088
vt 0.459214 0.637606
vt 0.275101 0.882961
vt 0.288092 0.884972
vt 0.305854 0.885708
vt 0.323626 0.884972
vt 0.336648 0.882961
vt 0.691103 0.629816
vt 0.694056 0.642168
vt 0.696355 0.654532
vt 0.762151 0.876935
vt 0.775170 0.875597
vt 0.792933 0.864850
vt 0.810696 0.865610
vt 0.823691 0.867694
vt 0.471643 0.617040
vt 0.468491 0.629089
vt 0.466411 0.641106
vt 0.275094 0.876071
vt 0.288086 0.878803
vt 0.305848 0.879802
vt 0.323620 0.878803
vt 0.336641 0.876071
vt 0.698015 0.625729
vt 0.701955 0.637498
vt 0.705242 0.649278
vt 0.762143 0.867705
vt 0.775162 0.865616
vt 0.792921 0.855082
vt 0.810684 0.856104
vt 0.823680 0.858902
vt 0.480494 0.623394
vt 0.476358 0.634736
vt 0.473295 0.646048
vt 0.275084 0.869628
vt 0.288077 0.873034
vt 0.305840 0.874280
vt 0.323612 0.873034
vt 0.336632 0.869628
vt 0.704494 0.620233
vt 0.709360 0.631216
vt 0.713572 0.642211
vt 0.762133 0.858913
vt 0.775150 0.856110
vt 0.630355 0.898675
vt 0.631124 0.889243
vt 0.648709 0.886521
vt 0.647961 0.895700
vt 0.810670 0.847234
vt 0.823667 0.850700
vt 0.488790 0.631492
vt 0.483733 0.641935
vt 0.479748 0.652347
vt 0.842327 0.863922
vt 0.841819 0.857349
vt 0.855115 0.849911
vt 0.855570 0.855797
vt 0.872941 0.847233
vt 0.873377 0.852867
vt 0.890520 0.850031
vt 0.890975 0.855917
vt 0.903141 0.857558
vt 0.903649 0.864131
vt 0.710429 0.613420
vt 0.716143 0.623430
vt 0.721203 0.633452
vt 0.599343 0.887516
vt 0.600035 0.879027
vt 0.613308 0.886500
vt 0.612559 0.895679
vt 0.631820 0.878067
vt 0.649386 0.875644
vt 0.661978 0.869005
vt 0.661352 0.879063
vt 0.496391 0.641195
vt 0.490489 0.650560
vt 0.485659 0.659894
vt 0.841366 0.849552
vt 0.854710 0.842929
vt 0.872553 0.840549
vt 0.890114 0.843049
vt 0.902688 0.849760
vt 0.715719 0.605407
vt 0.722189 0.614273
vt 0.728004 0.623150
vt 0.600661 0.868969
vt 0.613985 0.875623
vt 0.632430 0.865337
vt 0.649980 0.863255
vt 0.662527 0.857548
vt 0.503165 0.652339
vt 0.496511 0.660465
vt 0.490928 0.668561
vt 0.840976 0.840664
vt 0.854361 0.834971
vt 0.872219 0.832931
vt 0.889765 0.835091
vt 0.902299 0.840872
vt 0.720273 0.596332
vt 0.727394 0.603902
vt 0.733860 0.611483
vt 0.601210 0.857512
vt 0.614579 0.863234
vt 0.632944 0.851271
vt 0.650480 0.849566
vt 0.662989 0.844888
vt 0.508997 0.664731
vt 0.501695 0.671481
vt 0.495464 0.678200
vt 0.840656 0.830837
vt 0.854074 0.826171
vt 0.871944 0.824508
vt 0.889479 0.826292
vt 0.901978 0.831045
vt 0.724014 0.586350
vt 0.731669 0.592493
vt 0.738670 0.598648
vt 0.601673 0.844852
vt 0.615079 0.849545
vt 0.633353 0.836110
vt 0.650878 0.834811
vt 0.663358 0.831244
vt 0.513787 0.678161
vt 0.505952 0.683418
vt 0.499190 0.688645
vt 0.840411 0.820240
vt 0.853855 0.816682
vt 0.871734 0.815424
vt 0.889259 0.816803
vt 0.901733 0.820448
vt 0.726877 0.575631
vt 0.734941 0.580243
vt 0.742350 0.584867
vt 0.602041 0.831208
vt 0.615477 0.834791
vt 0.633650 0.820113
vt 0.651168 0.819243
vt 0.663625 0.816847
vt 0.517453 0.692398
vt 0.509211 0.696073
vt 0.502041 0.699718
vt 0.840245 0.809053
vt 0.853706 0.806666
vt 0.871592 0.805836
vt 0.889111 0.806786
vt 0.901568 0.809262
vt 0.728813 0.564359
vt 0.737154 0.567361
vt 0.744840 0.570374
vt 0.602309 0.816811
vt 0.615766 0.819223
vt 0.633831 0.803555
vt 0.651343 0.803129
vt 0.663788 0.801944
vt 0.519932 0.707198
vt 0.511415 0.709229
vt 0.503970 0.711229
vt 0.840162 0.797469
vt 0.853631 0.796293
vt 0.871521 0.795906
vt 0.889036 0.796413
vt 0.901484 0.797677
vt 0.729790 0.552727
vt 0.738270 0.554067
vt 0.746096 0.555419
vt 0.602471 0.801908
vt 0.615942 0.803108
vt 0.633891 0.786717
vt 0.651402 0.786742
vt 0.663842 0.786790
vt 0.521183 0.722309
vt 0.512527 0.722661
vt 0.504942 0.722982
vt 0.840162 0.785685
vt 0.853631 0.785741
vt 0.871521 0.785806
vt 0.889036 0.785861
vt 0.901484 0.785893
vt 0.729790 0.540934
vt 0.738270 0.540589
vt 0.746096 0.540256
vt 0.602525 0.786754
vt 0.616001 0.786722
vt 0.633831 0.769889
vt 0.651343 0.770365
vt 0.663788 0.771645
vt 0.521183 0.737472
vt 0.512526 0.736139
vt 0.504942 0.734776
vt 0.840245 0.773903
vt 0.853706 0.775191
vt 0.871592 0.775707
vt 0.889111 0.775312
vt 0.901568 0.774111
vt 0.728813 0.529182
vt 0.737154 0.527158
vt 0.744840 0.525146
vt 0.602471 0.771609
vt 0.615942 0.770345
vt 0.633650 0.753359
vt 0.651168 0.754278
vt 0.663625 0.756768
vt 0.519932 0.752427
vt 0.511415 0.749432
vt 0.503969 0.746407
vt 0.840411 0.762325
vt 0.853855 0.764824
vt 0.871734 0.765783
vt 0.889259 0.764944
vt 0.901733 0.762533
vt 0.726877 0.517671
vt 0.734941 0.514002
vt 0.742351 0.510346
vt 0.602309 0.756732
vt 0.615766 0.754257
vt 0.633353 0.737408
vt 0.650878 0.738755
vt 0.663358 0.742412
vt 0.517453 0.766918
vt 0.509211 0.762314
vt 0.502041 0.757679
vt 0.840656 0.751148
vt 0.854074 0.754816
vt 0.871944 0.756203
vt 0.889479 0.754936
vt 0.901978 0.751356
vt 0.724014 0.506598
vt 0.731669 0.501348
vt 0.738670 0.496110
vt 0.602041 0.742376
vt 0.615477 0.738734
vt 0.632944 0.722311
vt 0.650480 0.724062
vt 0.662989 0.728825
vt 0.513786 0.780699
vt 0.505952 0.774563
vt 0.499189 0.768396
vt 0.840976 0.740564
vt 0.854361 0.745339
vt 0.872219 0.747131
vt 0.889765 0.745459
vt 0.902299 0.740772
vt 0.720274 0.496154
vt 0.727394 0.489412
vt 0.733861 0.482682
vt 0.601673 0.728789
vt 0.615079 0.724041
vt 0.632430 0.708326
vt 0.649980 0.710451
vt 0.662527 0.716238
vt 0.508996 0.793531
vt 0.501694 0.785970
vt 0.495464 0.778378
vt 0.841366 0.730755
vt 0.854710 0.736555
vt 0.872553 0.738723
vt 0.890114 0.736676
vt 0.902688 0.730963
vt 0.715719 0.486517
vt 0.722189 0.478398
vt 0.728005 0.470291
vt 0.601210 0.716202
vt 0.614579 0.710430
vt 0.631820 0.695690
vt 0.649386 0.698155
vt 0.661978 0.704866
vt 0.503164 0.805198
vt 0.496510 0.796340
vt 0.490928 0.787451
vt 0.841819 0.721887
vt 0.855115 0.728615
vt 0.872941 0.731122
vt 0.890520 0.728735
vt 0.903141 0.722095
vt 0.710430 0.477851
vt 0.716144 0.468494
vt 0.721204 0.459149
vt 0.600661 0.704830
vt 0.613985 0.698134
vt 0.631124 0.684622
vt 0.648709 0.687383
vt 0.661352 0.694905
vt 0.496390 0.815497
vt 0.490488 0.805495
vt 0.485659 0.795462
vt 0.842327 0.714113
vt 0.855570 0.721654
vt 0.873377 0.724458
vt 0.890975 0.721774
vt 0.903649 0.714321
vt 0.704494 0.470305
vt 0.709360 0.459870
vt 0.713573 0.449448
vt 0.600035 0.694869
vt 0.613308 0.687362
vt 0.405814 0.857344
vt 0.405799 0.866704
vt 0.388037 0.867645
vt 0.388052 0.858535
vt 0.375044 0.870218
vt 0.375058 0.861794
vt 0.488789 0.824255
vt 0.483732 0.813279
vt 0.479747 0.802273
vt 0.842881 0.707565
vt 0.856067 0.715791
vt 0.873852 0.718846
vt 0.891471 0.715911
vt 0.465655 0.861153
vt 0.465651 0.866590
vt 0.452631 0.863415
vt 0.452635 0.857343
vt 0.698015 0.464009
vt 0.701956 0.452674
vt 0.705243 0.441352
vt 0.599343 0.686488
vt 0.612559 0.678300
vt 0.630355 0.675310
vt 0.405786 0.876667
vt 0.388024 0.877340
vt 0.375033 0.879184
vt 0.480493 0.831319
vt 0.476358 0.819559
vt 0.473294 0.807768
vt 0.514178 0.863367
vt 0.514175 0.869959
vt 0.501183 0.872465
vt 0.501185 0.866562
vt 0.483421 0.873392
vt 0.483423 0.867742
vt 0.465649 0.872493
vt 0.452628 0.870007
vt 0.691104 0.459069
vt 0.694057 0.447029
vt 0.696356 0.435001
vt 0.436591 0.870224
vt 0.436580 0.879190
vt 0.423559 0.877344
vt 0.423571 0.867648
vt 0.405777 0.887060
vt 0.388015 0.887456
vt 0.375024 0.888539
vt 0.471642 0.836571
vt 0.468490 0.824227
vt 0.466410 0.811852
vt 0.514175 0.876960
vt 0.501183 0.878733
vt 0.483421 0.879393
vt 0.465649 0.878761
vt 0.452628 0.877008
vt 0.683877 0.455570
vt 0.685798 0.443031
vt 0.687065 0.430503
vt 0.436572 0.888544
vt 0.423550 0.887459
vt 0.405771 0.897708
vt 0.388010 0.897818
vt 0.375019 0.898121
vt 0.462388 0.839919
vt 0.460264 0.827203
vt 0.459213 0.814457
vt 0.514178 0.884249
vt 0.501185 0.885260
vt 0.483423 0.885641
vt 0.465651 0.885288
vt 0.452631 0.884297
vt 0.676460 0.453573
vt 0.677322 0.440748
vt 0.677529 0.427935
vt 0.436567 0.898127
vt 0.423544 0.897821
s 1
usemtl マテリアル
f 35/1/1 36/2/1 4/3/2 3/4/2
f 34/5/3 35/6/3 3/7/4 2/8/4
f 33/9/5 34/10/5 2/11/6 1/12/6
f 8/13/7 5/14/8 33/15/9 36/16/10
f 7/17/11 8/18/12 36/2/1 35/1/1
f 6/19/13 7/20/14 35/6/3 34/5/3
f 5/21/15 6/22/15 34/10/5 33/9/5
f 32/23/16 31/24/16 30/25/16 29/26/16
f 75/27/17 76/28/17 56/29/17 55/30/17
f 76/31/18 77/32/19 66/33/20 53/34/21
f 56/35/22 76/31/18 53/34/21
f 24/36/23 23/37/23 22/38/23 21/39/23
f 77/40/24 78/41/25 65/42/26 66/43/27
f 55/44/28 54/45/29 65/46/30 78/47/31
f 75/27/32 55/30/32 78/48/32
f 1/49/33 2/50/33 3/51/33 4/52/33
f 36/16/10 33/15/9 1/53/34 4/54/34
f 9/55/35 10/56/35 38/57/36 37/58/36
f 10/59/37 11/60/37 39/61/38 38/62/38
f 11/63/39 12/64/39 40/65/40 39/66/40
f 12/67/41 9/68/41 37/69/42 40/70/42
f 37/58/36 38/57/36 42/71/43 41/72/43
f 38/62/38 39/61/38 43/73/44 42/74/44
f 39/66/40 40/65/40 44/75/45 43/76/45
f 40/70/42 37/69/42 41/77/46 44/78/46
f 41/72/43 42/71/43 6/22/15 5/21/15
f 42/74/44 43/73/44 7/20/14 6/19/13
f 43/76/45 44/75/45 8/18/12 7/17/11
f 44/78/46 41/77/46 5/14/8 8/13/7
f 13/79/47 14/80/48 46/81/49 45/82/49
f 14/83/50 15/84/51 47/85/52 46/86/52
f 15/87/53 16/88/54 48/89/55 47/90/55
f 16/91/56 13/92/57 45/93/58 48/94/59
f 45/82/49 46/81/49 50/95/60 49/96/60
f 46/86/52 47/85/52 51/97/61 50/98/61
f 47/90/55 48/89/55 52/99/62 51/100/62
f 48/94/59 45/93/58 49/101/63 52/102/64
f 49/96/60 50/95/60 10/56/35 9/55/35
f 50/98/61 51/97/61 11/60/37 10/59/37
f 51/100/62 52/99/62 12/64/39 11/63/39
f 52/102/64 49/101/63 9/68/41 12/67/41
f 53/103/65 54/104/65 58/105/66 57/106/67
f 54/45/29 55/44/28 59/107/68 58/108/69
f 55/109/70 56/110/70 60/111/71 59/112/71
f 56/35/22 53/34/21 57/113/72 60/114/73
f 57/115/67 58/116/66 62/117/74 61/118/75
f 58/108/69 59/107/68 63/119/76 62/120/77
f 59/112/71 60/111/71 64/121/78 63/122/79
f 60/114/73 57/113/72 61/123/80 64/124/81
f 61/125/75 62/126/74 14/80/48 13/79/47
f 62/120/77 63/119/76 15/84/51 14/83/50
f 63/122/79 64/121/78 16/88/54 15/87/53
f 64/124/81 61/123/80 13/92/57 16/91/56
f 17/127/82 18/128/83 54/104/84 53/103/84
f 18/129/85 19/130/86 65/46/30 54/45/29
f 19/131/87 20/132/88 66/133/27 65/134/26
f 20/135/89 17/136/90 53/34/21 66/33/20
f 21/39/91 22/38/91 68/137/92 67/138/92
f 22/139/93 23/140/93 69/141/94 68/142/94
f 23/143/95 24/144/95 70/145/95 69/146/95
f 24/147/96 21/148/96 67/149/97 70/150/96
f 67/138/92 68/137/92 72/151/98 71/152/99
f 68/142/94 69/141/94 73/153/100 72/154/101
f 69/146/95 70/145/95 74/155/102 73/156/102
f 70/150/96 67/149/97 71/157/103 74/158/104
f 71/152/99 72/151/98 18/128/83 17/127/82
f 72/154/101 73/153/100 19/130/86 18/129/85
f 73/156/102 74/155/102 20/132/88 19/131/87
f 74/158/104 71/157/103 17/136/90 20/135/89
f 25/159/105 26/160/106 76/161/107 75/162/107
f 26/163/108 27/164/109 77/32/19 76/31/18
f 27/165/110 28/166/111 78/41/25 77/40/24
f 28/167/112 25/168/113 75/169/114 78/170/114
f 79/171/115 80/172/116 26/160/106 25/159/105
f 80/173/117 81/174/118 27/164/109 26/163/108
f 81/175/119 82/176/120 28/166/111 27/165/110
f 82/177/121 79/178/122 25/168/113 28/167/112
f 83/179/123 84/180/123 80/172/116 79/171/115
f 84/181/124 85/182/124 81/174/118 80/173/117
f 85/183/125 86/184/125 82/176/120 81/175/119
f 86/185/126 83/186/126 79/178/122 82/177/121
f 29/187/123 30/188/123 84/180/123 83/179/123
f 30/189/124 31/190/124 85/182/124 84/181/124
f 31/191/125 32/192/125 86/184/125 85/183/125
f 32/193/126 29/194/126 83/186/126 86/185/126
f 247/195/127 88/196/128 90/197/129 248/198/130
f 248/198/130 90/197/129 92/199/131 249/200/132
f 249/200/132 92/199/131 94/201/133 250/202/134
f 250/202/134 94/201/133 96/203/135 251/204/136
f 251/204/136 96/203/135 98/205/137 252/206/138
f 252/206/138 98/205/137 100/207/139 253/208/140
f 253/209/140 100/210/139 102/211/141 254/212/142
f 254/212/142 102/211/141 104/213/143 255/214/143
f 255/214/143 104/213/143 106/215/144 256/216/145
f 256/216/145 106/215/144 108/217/146 257/218/147
f 257/218/147 108/217/146 110/219/148 258/220/149
f 258/221/149 110/222/148 112/223/150 259/224/151
f 259/224/151 112/223/150 114/225/152 260/226/153
f 260/226/153 114/225/152 116/227/154 261/228/155
f 261/228/155 116/227/154 118/229/156 262/230/157
f 262/230/157 118/229/156 120/231/158 263/232/159
f 263/232/160 120/231/161 122/233/162 264/234/163
f 264/234/163 122/233/162 124/235/164 265/236/165
f 265/236/165 124/235/164 126/237/166 266/238/167
f 266/238/167 126/237/166 128/239/168 267/240/169
f 267/240/169 128/239/168 130/241/170 268/242/171
f 268/243/171 130/244/170 132/245/172 269/246/173
f 269/246/173 132/245/172 134/247/174 270/248/175
f 270/248/175 134/247/174 136/249/176 271/250/176
f 271/250/176 136/249/176 138/251/177 272/252/178
f 272/252/178 138/251/177 140/253/179 273/254/180
f 273/255/180 140/256/179 142/257/181 274/258/182
f 274/258/182 142/257/181 144/259/183 275/260/184
f 275/260/184 144/259/183 146/261/185 276/262/186
f 276/262/186 146/261/185 148/263/187 277/264/188
f 90/265/189 88/266/189 150/267/189 148/268/189 146/269/189 144/270/189 142/271/189 140/272/189 138/273/189 136/274/189 134/275/189 132/276/189 130/277/189 128/278/189 126/279/189 124/280/189 122/281/189 120/282/189 118/283/189 116/284/189 114/285/189 112/286/189 110/287/189 108/288/189 106/289/189 104/290/189 102/291/189 100/292/189 98/293/189 96/294/189 94/295/189 92/296/189
f 277/264/188 148/263/187 150/297/190 278/298/191
f 278/298/191 150/297/190 88/196/192 247/195/193
f 87/299/194 89/300/194 91/301/194 93/302/194 95/303/194 97/304/194 99/305/194 101/306/194 103/307/194 105/308/194 107/309/194 109/310/194 111/311/194 113/312/194 115/313/194 117/314/194 119/315/194 121/316/194 123/317/194 125/318/194 127/319/194 129/320/194 131/321/194 133/322/194 135/323/194 137/324/194 139/325/194 141/326/194 143/327/194 145/328/194 147/329/194 149/330/194
f 149/331/195 182/332/195 151/333/196 87/334/196
f 147/335/197 181/336/197 182/332/195 149/331/195
f 145/337/198 180/338/198 181/336/197 147/335/197
f 143/339/199 179/340/199 180/338/198 145/337/198
f 141/341/200 178/342/200 179/340/199 143/339/199
f 139/343/201 177/344/201 178/345/200 141/346/200
f 137/347/202 176/348/202 177/344/201 139/343/201
f 135/349/203 175/350/203 176/348/202 137/347/202
f 133/351/204 174/352/204 175/350/203 135/349/203
f 131/353/205 173/354/205 174/352/204 133/351/204
f 129/355/206 172/356/206 173/354/205 131/353/205
f 127/357/207 171/358/207 172/359/206 129/360/206
f 125/361/208 170/362/208 171/358/207 127/357/207
f 123/363/209 169/364/209 170/362/208 125/361/208
f 121/365/210 168/366/210 169/364/209 123/363/209
f 119/367/211 167/368/211 168/366/210 121/365/210
f 117/369/212 166/370/212 167/368/213 119/367/213
f 115/371/214 165/372/214 166/370/212 117/369/212
f 113/373/215 164/374/215 165/372/214 115/371/214
f 111/375/216 163/376/216 164/374/215 113/373/215
f 109/377/217 162/378/217 163/376/216 111/375/216
f 107/379/218 161/380/218 162/381/217 109/382/217
f 105/383/219 160/384/219 161/380/218 107/379/218
f 103/385/220 159/386/220 160/384/219 105/383/219
f 101/387/221 158/388/221 159/386/220 103/385/220
f 99/389/222 157/390/222 158/388/221 101/387/221
f 97/391/223 156/392/223 157/390/222 99/389/222
f 95/393/224 155/394/224 156/395/223 97/396/223
f 93/397/225 154/398/225 155/394/224 95/393/224
f 91/399/226 153/400/226 154/398/225 93/397/225
f 89/401/227 152/402/227 153/400/226 91/399/226
f 87/334/228 151/333/228 152/402/227 89/401/227
f 182/332/195 214/403/195 183/404/196 151/333/196
f 181/336/197 213/405/197 214/403/195 182/332/195
f 180/338/198 212/406/198 213/405/197 181/336/197
f 179/340/199 211/407/199 212/406/198 180/338/198
f 178/342/200 210/408/200 211/407/199 179/340/199
f 177/344/201 209/409/201 210/410/200 178/345/200
f 176/348/202 208/411/202 209/409/201 177/344/201
f 175/350/203 207/412/203 208/411/202 176/348/202
f 174/352/204 206/413/204 207/412/203 175/350/203
f 173/354/205 205/414/205 206/413/204 174/352/204
f 172/356/206 204/415/206 205/414/205 173/354/205
f 171/358/207 203/416/207 204/417/206 172/359/206
f 170/362/208 202/418/208 203/416/207 171/358/207
f 169/364/209 201/419/209 202/418/208 170/362/208
f 168/366/210 200/420/210 201/419/209 169/364/209
f 167/368/211 199/421/211 200/420/210 168/366/210
f 166/370/212 198/422/212 199/421/213 167/368/213
f 165/372/214 197/423/214 198/422/212 166/370/212
f 164/374/215 196/424/215 197/423/214 165/372/214
f 163/376/216 195/425/216 196/424/215 164/374/215
f 162/378/217 194/426/217 195/425/216 163/376/216
f 161/380/218 193/427/218 194/428/217 162/381/217
f 160/384/219 192/429/219 193/427/218 161/380/218
f 159/386/220 191/430/220 192/429/219 160/384/219
f 158/388/221 190/431/221 191/430/220 159/386/220
f 157/390/222 189/432/222 190/431/221 158/388/221
f 156/392/223 188/433/223 189/432/222 157/390/222
f 155/394/224 187/434/224 188/435/223 156/395/223
f 154/398/225 186/436/225 187/434/224 155/394/224
f 153/400/226 185/437/226 186/436/225 154/398/225
f 152/402/227 184/438/227 185/437/226 153/400/226
f 151/333/228 183/404/228 184/438/227 152/402/227
f 214/403/195 246/439/195 215/440/196 183/404/196
f 213/405/197 245/441/197 246/439/195 214/403/195
f 212/406/198 244/442/198 245/441/197 213/405/197
f 211/407/199 243/443/199 244/442/198 212/406/198
f 210/408/200 242/444/200 243/443/199 211/407/199
f 209/409/201 241/445/201 242/446/200 210/410/200
f 208/411/202 240/447/202 241/445/201 209/409/201
f 207/412/203 239/448/203 240/447/202 208/411/202
f 206/413/204 238/449/204 239/448/203 207/412/203
f 205/414/205 237/450/205 238/449/204 206/413/204
f 204/415/206 236/451/206 237/450/205 205/414/205
f 203/416/207 235/452/207 236/453/206 204/417/206
f 202/418/208 234/454/208 235/452/207 203/416/207
f 201/419/209 233/455/209 234/454/208 202/418/208
f 200/420/210 232/456/210 233/455/209 201/419/209
f 199/421/211 231/457/211 232/456/210 200/420/210
f 198/422/212 230/458/212 231/457/213 199/421/213
f 197/423/214 229/459/214 230/458/212 198/422/212
f 196/424/215 228/460/215 229/459/214 197/423/214
f 195/425/216 227/461/216 228/460/215 196/424/215
f 194/426/217 226/462/217 227/461/216 195/425/216
f 193/427/218 225/463/218 226/464/217 194/428/217
f 192/429/219 224/465/219 225/463/218 193/427/218
f 191/430/220 223/466/220 224/465/219 192/429/219
f 190/431/221 222/467/221 223/466/220 191/430/220
f 189/432/222 221/468/222 222/467/221 190/431/221
f 188/433/223 220/469/223 221/468/222 189/432/222
f 187/434/224 219/470/224 220/471/223 188/435/223
f 186/436/225 218/472/225 219/470/224 187/434/224
f 185/437/226 217/473/226 218/472/225 186/436/225
f 184/438/227 216/474/227 217/473/226 185/437/226
f 183/404/228 215/440/228 216/474/227 184/438/227
f 246/439/195 278/298/191 247/195/193 215/440/196
f 245/441/197 277/264/188 278/298/191 246/439/195
f 244/442/198 276/262/186 277/264/188 245/441/197
f 243/443/199 275/260/184 276/262/186 244/442/198
f 242/444/200 274/258/182 275/260/184 243/443/199
f 241/445/201 273/254/180 274/475/182 242/446/200
f 240/447/202 272/252/178 273/254/180 241/445/201
f 239/448/203 271/250/203 272/252/178 240/447/202
f 238/449/204 270/248/175 271/250/203 239/448/203
f 237/450/205 269/246/173 270/248/175 238/449/204
f 236/451/206 268/243/171 269/246/173 237/450/205
f 235/452/207 267/240/169 268/242/171 236/453/206
f 234/454/208 266/238/167 267/240/169 235/452/207
f 233/455/209 265/236/165 266/238/167 234/454/208
f 232/456/210 264/234/163 265/236/165 233/455/209
f 231/457/211 263/232/160 264/234/163 232/456/210
f 230/458/212 262/230/157 263/232/159 231/457/213
f 229/459/214 261/228/155 262/230/157 230/458/212
f 228/460/215 260/226/153 261/228/155 229/459/214
f 227/461/216 259/224/151 260/226/153 228/460/215
f 226/462/217 258/221/149 259/224/151 227/461/216
f 225/463/218 257/218/147 258/220/149 226/464/217
f 224/465/219 256/216/145 257/218/147 225/463/218
f 223/466/220 255/214/220 256/216/145 224/465/219
f 222/467/221 254/212/142 255/214/220 223/466/220
f 221/468/222 253/209/140 254/212/142 222/467/221
f 220/469/223 252/476/138 253/209/140 221/468/222
f 219/470/224 251/204/136 252/206/138 220/471/223
f 218/472/225 250/202/134 251/204/136 219/470/224
f 217/473/226 249/200/132 250/202/134 218/472/225
f 216/474/227 248/198/130 249/200/132 217/473/226
f 215/440/228 247/195/127 248/198/130 216/474/227
f 576/477/229 280/478/229 282/479/230 577/480/231
f 577/480/231 282/479/230 284/481/232 578/482/233
f 578/482/233 284/481/232 286/483/234 579/484/235
f 579/484/235 286/483/234 288/485/236 580/486/237
f 580/487/237 288/488/236 290/489/238 581/490/239
f 581/490/239 290/489/238 292/491/240 582/492/241
f 582/492/241 292/491/240 294/493/242 583/494/243
f 583/494/243 294/493/242 296/495/244 584/496/244
f 584/496/244 296/495/244 298/497/245 585/498/246
f 585/498/246 298/497/245 300/499/247 586/500/248
f 586/500/248 300/499/247 302/501/249 587/502/250
f 587/503/250 302/504/249 304/505/251 588/506/252
f 588/506/252 304/505/251 306/507/253 589/508/254
f 589/508/254 306/507/253 308/509/255 590/510/256
f 590/510/256 308/509/255 310/511/257 591/512/258
f 591/512/258 310/511/257 312/513/259 592/514/259
f 592/514/259 312/513/259 314/515/260 593/516/261
f 593/516/261 314/515/260 316/517/262 594/518/263
f 594/518/263 316/517/262 318/519/264 595/520/265
f 595/520/265 318/519/264 320/521/266 596/522/267
f 596/523/267 320/524/266 322/525/268 597/526/269
f 597/526/269 322/525/268 324/527/270 598/528/271
f 598/528/271 324/527/270 326/529/272 599/530/273
f 599/530/273 326/529/272 328/531/274 600/532/274
f 600/532/274 328/531/274 330/533/275 601/534/276
f 601/534/276 330/533/275 332/535/277 602/536/278
f 602/536/278 332/535/277 334/537/279 603/538/280
f 603/539/280 334/540/279 336/541/281 604/542/282
f 608/543/283 504/544/283 338/545/284 605/546/285
f 605/546/285 338/545/284 340/547/286 606/548/287
f 282/549/220 280/550/220 342/551/220 340/552/220 338/553/220 504/554/220 336/555/220 334/556/220 332/557/220 330/558/220 328/559/220 326/560/220 324/561/220 322/562/220 320/563/220 318/564/220 316/565/220 314/566/220 312/567/220 310/568/220 308/569/220 306/570/220 304/571/220 302/572/220 300/573/220 298/574/220 296/575/220 294/576/220 292/577/220 290/578/220 288/579/220 286/580/220 284/581/220
f 606/548/287 340/547/286 342/582/288 607/583/289
f 607/583/289 342/582/288 280/478/229 576/477/229
f 279/584/203 281/585/203 283/586/203 285/587/203 287/588/203 289/589/203 291/590/203 293/591/203 295/592/203 297/593/203 299/594/203 301/595/203 303/596/203 305/597/203 307/598/203 309/599/203 311/600/203 313/601/203 315/602/203 317/603/203 319/604/203 321/605/203 323/606/203 325/607/203 327/608/203 329/609/203 331/610/203 333/611/203 335/612/203 503/613/203 337/614/203 339/615/203 341/616/203
f 639/617/290 374/618/290 343/619/291 640/620/291
f 638/621/292 373/622/292 374/618/290 639/617/290
f 637/623/293 372/624/293 373/622/292 638/621/292
f 641/625/294 505/626/294 372/624/293 637/623/293
f 635/627/295 370/628/295 371/629/296 636/630/296
f 634/631/297 369/632/297 370/633/295 635/634/295
f 633/635/298 368/636/298 369/632/297 634/631/297
f 632/637/189 367/638/189 368/636/298 633/635/298
f 631/639/299 366/640/299 367/638/189 632/637/189
f 630/641/300 365/642/300 366/640/299 631/639/299
f 629/643/301 364/644/301 365/642/300 630/641/300
f 628/645/302 363/646/302 364/644/301 629/643/301
f 627/647/303 362/648/303 363/649/302 628/650/302
f 626/651/304 361/652/304 362/648/303 627/647/303
f 625/653/305 360/654/305 361/652/304 626/651/304
f 624/655/306 359/656/306 360/654/305 625/653/305
f 623/657/307 358/658/307 359/656/306 624/655/306
f 622/659/308 357/660/308 358/658/307 623/657/307
f 621/661/309 356/662/309 357/660/308 622/659/308
f 620/663/310 355/664/310 356/662/309 621/661/309
f 619/665/311 354/666/311 355/664/310 620/663/310
f 618/667/312 353/668/312 354/669/311 619/670/311
f 617/671/313 352/672/313 353/668/312 618/667/312
f 616/673/194 351/674/194 352/672/313 617/671/313
f 615/675/314 350/676/314 351/674/194 616/673/194
f 614/677/315 349/678/315 350/676/314 615/675/314
f 613/679/316 348/680/316 349/678/315 614/677/315
f 612/681/317 347/682/317 348/680/316 613/679/316
f 611/683/318 346/684/318 347/685/317 612/686/317
f 610/687/319 345/688/319 346/684/318 611/683/318
f 609/689/320 344/690/320 345/688/319 610/687/319
f 640/620/291 343/619/291 344/690/320 609/689/320
f 437/691/290 406/692/290 375/693/291 438/694/291
f 436/695/292 405/696/292 406/692/290 437/691/290
f 435/697/293 404/698/293 405/696/292 436/695/292
f 507/699/294 506/700/294 404/698/293 435/697/293
f 433/701/295 402/702/295 403/703/296 434/704/296
f 432/705/297 401/706/297 402/707/295 433/708/295
f 431/709/298 400/710/298 401/706/297 432/705/297
f 430/711/189 399/712/189 400/710/298 431/709/298
f 429/713/299 398/714/299 399/712/189 430/711/189
f 428/715/300 397/716/300 398/714/299 429/713/299
f 427/717/301 396/718/301 397/716/300 428/715/300
f 426/719/302 395/720/302 396/718/301 427/717/301
f 425/721/303 394/722/303 395/723/302 426/724/302
f 424/725/304 393/726/304 394/722/303 425/721/303
f 423/727/305 392/728/305 393/726/304 424/725/304
f 422/729/306 391/730/306 392/728/305 423/727/305
f 421/731/307 390/732/307 391/730/306 422/729/306
f 420/733/308 389/734/308 390/732/307 421/731/307
f 419/735/309 388/736/309 389/734/308 420/733/308
f 418/737/310 387/738/310 388/736/309 419/735/309
f 417/739/311 386/740/311 387/738/310 418/737/310
f 416/741/312 385/742/312 386/743/311 417/744/311
f 415/745/313 384/746/313 385/742/312 416/741/312
f 414/747/194 383/748/194 384/746/313 415/745/313
f 413/749/314 382/750/314 383/748/194 414/747/194
f 412/751/315 381/752/315 382/750/314 413/749/314
f 411/753/316 380/754/316 381/752/315 412/751/315
f 410/755/317 379/756/317 380/754/316 411/753/316
f 409/757/318 378/758/318 379/759/317 410/760/317
f 408/761/319 377/762/319 378/758/318 409/757/318
f 407/763/320 376/764/320 377/762/319 408/761/319
f 438/694/291 375/693/291 376/764/320 407/763/320
f 471/765/291 438/694/291 407/763/320 472/766/320
f 472/766/320 407/763/320 408/761/319 473/767/319
f 473/767/319 408/761/319 409/757/318 474/768/318
f 474/768/318 409/757/318 410/760/317 475/769/317
f 475/770/317 410/755/317 411/753/316 476/771/316
f 476/771/316 411/753/316 412/751/315 477/772/315
f 477/772/315 412/751/315 413/749/314 478/773/314
f 478/773/314 413/749/314 414/747/194 479/774/194
f 479/774/194 414/747/194 415/745/313 480/775/313
f 480/775/313 415/745/313 416/741/312 481/776/312
f 481/776/312 416/741/312 417/744/311 482/777/311
f 482/778/311 417/739/311 418/737/310 483/779/310
f 483/779/310 418/737/310 419/735/309 484/780/309
f 484/780/309 419/735/309 420/733/308 485/781/308
f 485/781/308 420/733/308 421/731/307 486/782/307
f 486/782/307 421/731/307 422/729/306 487/783/306
f 487/783/306 422/729/306 423/727/305 488/784/305
f 488/784/305 423/727/305 424/725/304 489/785/304
f 489/785/304 424/725/304 425/721/303 490/786/303
f 490/786/303 425/721/303 426/724/302 491/787/302
f 491/788/302 426/719/302 427/717/301 492/789/301
f 492/789/301 427/717/301 428/715/300 493/790/300
f 493/790/300 428/715/300 429/713/299 494/791/299
f 494/791/299 429/713/299 430/711/189 495/792/189
f 495/792/189 430/711/189 431/709/298 496/793/298
f 496/793/298 431/709/298 432/705/297 497/794/297
f 497/794/297 432/705/297 433/708/295 498/795/295
f 498/796/295 433/701/295 434/704/296 499/797/296
f 509/798/294 507/699/294 435/697/293 500/799/293
f 500/799/293 435/697/293 436/695/292 501/800/292
f 501/800/292 436/695/292 437/691/290 502/801/290
f 502/801/290 437/691/290 438/694/291 471/765/291
f 374/618/290 469/802/290 470/803/291 343/619/291
f 373/622/292 468/804/292 469/802/290 374/618/290
f 372/624/293 467/805/293 468/804/292 373/622/292
f 505/626/294 508/806/294 467/805/293 372/624/293
f 370/628/295 465/807/295 466/808/296 371/629/296
f 369/632/297 464/809/297 465/810/295 370/633/295
f 368/636/298 463/811/298 464/809/297 369/632/297
f 367/638/189 462/812/189 463/811/298 368/636/298
f 366/640/299 461/813/299 462/812/189 367/638/189
f 365/642/300 460/814/300 461/813/299 366/640/299
f 364/644/301 459/815/301 460/814/300 365/642/300
f 363/646/302 458/816/302 459/815/301 364/644/301
f 362/648/303 457/817/303 458/818/302 363/649/302
f 361/652/304 456/819/304 457/817/303 362/648/303
f 360/654/305 455/820/305 456/819/304 361/652/304
f 359/656/306 454/821/306 455/820/305 360/654/305
f 358/658/307 453/822/307 454/821/306 359/656/306
f 357/660/308 452/823/308 453/822/307 358/658/307
f 356/662/309 451/824/309 452/823/308 357/660/308
f 355/664/310 450/825/310 451/824/309 356/662/309
f 354/666/311 449/826/311 450/825/310 355/664/310
f 353/668/312 448/827/312 449/828/311 354/669/311
f 352/672/313 447/829/313 448/827/312 353/668/312
f 351/674/194 446/830/194 447/829/313 352/672/313
f 350/676/314 445/831/314 446/830/194 351/674/194
f 349/678/315 444/832/315 445/831/314 350/676/314
f 348/680/316 443/833/316 444/832/315 349/678/315
f 347/682/317 442/834/317 443/833/316 348/680/316
f 346/684/318 441/835/318 442/836/317 347/685/317
f 345/688/319 440/837/319 441/835/318 346/684/318
f 344/690/320 439/838/320 440/837/319 345/688/319
f 343/619/291 470/803/291 439/838/320 344/690/320
f 469/802/290 502/801/290 471/765/291 470/803/291
f 468/804/292 501/800/292 502/801/290 469/802/290
f 467/805/293 500/799/293 501/800/292 468/804/292
f 508/806/294 509/798/294 500/799/293 467/805/293
f 465/807/295 498/796/295 499/797/296 466/808/296
f 464/809/297 497/794/297 498/795/295 465/810/295
f 463/811/298 496/793/298 497/794/297 464/809/297
f 462/812/189 495/792/189 496/793/298 463/811/298
f 461/813/299 494/791/299 495/792/189 462/812/189
f 460/814/300 493/790/300 494/791/299 461/813/299
f 459/815/301 492/789/301 493/790/300 460/814/300
f 458/816/302 491/788/302 492/789/301 459/815/301
f 457/817/303 490/786/303 491/787/302 458/818/302
f 456/819/304 489/785/304 490/786/303 457/817/303
f 455/820/305 488/784/305 489/785/304 456/819/304
f 454/821/306 487/783/306 488/784/305 455/820/305
f 453/822/307 486/782/307 487/783/306 454/821/306
f 452/823/308 485/781/308 486/782/307 453/822/307
f 451/824/309 484/780/309 485/781/308 452/823/308
f 450/825/310 483/779/310 484/780/309 451/824/309
f 449/826/311 482/778/311 483/779/310 450/825/310
f 448/827/312 481/776/312 482/777/311 449/828/311
f 447/829/313 480/775/313 481/776/312 448/827/312
f 446/830/194 479/774/194 480/775/313 447/829/313
f 445/831/314 478/773/314 479/774/194 446/830/194
f 444/832/315 477/772/315 478/773/314 445/831/314
f 443/833/316 476/771/316 477/772/315 444/832/315
f 442/834/317 475/770/317 476/771/316 443/833/316
f 441/835/318 474/768/318 475/769/317 442/836/317
f 440/837/319 473/767/319 474/768/318 441/835/318
f 439/838/320 472/766/320 473/767/319 440/837/319
f 470/803/291 471/765/291 472/766/320 439/838/320
f 466/808/296 499/797/296 509/798/294 508/806/294
f 371/629/296 466/808/296 508/806/294 505/626/294
f 499/797/296 434/704/296 507/699/294 509/798/294
f 434/704/296 403/703/296 506/700/294 507/699/294
f 636/630/296 371/629/296 505/626/294 641/625/294
f 604/542/282 336/541/281 504/544/283 608/543/283
f 403/703/296 538/839/296 542/840/294 506/700/294
f 406/692/290 541/841/290 510/842/291 375/693/291
f 405/696/292 540/843/292 541/841/290 406/692/290
f 404/698/293 539/844/293 540/843/292 405/696/292
f 506/700/294 542/840/294 539/844/293 404/698/293
f 402/702/295 537/845/295 538/839/296 403/703/296
f 401/706/297 536/846/297 537/847/295 402/707/295
f 400/710/298 535/848/298 536/846/297 401/706/297
f 399/712/189 534/849/189 535/848/298 400/710/298
f 398/714/299 533/850/299 534/849/189 399/712/189
f 397/716/300 532/851/300 533/850/299 398/714/299
f 396/718/301 531/852/301 532/851/300 397/716/300
f 395/720/302 530/853/302 531/852/301 396/718/301
f 394/722/303 529/854/303 530/855/302 395/723/302
f 393/726/304 528/856/304 529/854/303 394/722/303
f 392/728/305 527/857/305 528/856/304 393/726/304
f 391/730/306 526/858/306 527/857/305 392/728/305
f 390/732/307 525/859/307 526/858/306 391/730/306
f 389/734/308 524/860/308 525/859/307 390/732/307
f 388/736/309 523/861/309 524/860/308 389/734/308
f 387/738/310 522/862/310 523/861/309 388/736/309
f 386/740/311 521/863/311 522/862/310 387/738/310
f 385/742/312 520/864/312 521/865/311 386/743/311
f 384/746/313 519/866/313 520/864/312 385/742/312
f 383/748/194 518/867/194 519/866/313 384/746/313
f 382/750/314 517/868/314 518/867/194 383/748/194
f 381/752/315 516/869/315 517/868/314 382/750/314
f 380/754/316 515/870/316 516/869/315 381/752/315
f 379/756/317 514/871/317 515/870/316 380/754/316
f 378/758/318 513/872/318 514/873/317 379/759/317
f 377/762/319 512/874/319 513/872/318 378/758/318
f 376/764/320 511/875/320 512/874/319 377/762/319
f 375/693/291 510/842/291 511/875/320 376/764/320
f 538/839/296 571/876/296 575/877/294 542/840/294
f 541/841/290 574/878/290 543/879/291 510/842/291
f 540/843/292 573/880/292 574/878/290 541/841/290
f 539/844/293 572/881/293 573/880/292 540/843/292
f 542/840/294 575/877/294 572/881/293 539/844/293
f 537/845/295 570/882/295 571/876/296 538/839/296
f 536/846/297 569/883/297 570/884/295 537/847/295
f 535/848/298 568/885/298 569/883/297 536/846/297
f 534/849/189 567/886/189 568/885/298 535/848/298
f 533/850/299 566/887/299 567/886/189 534/849/189
f 532/851/300 565/888/300 566/887/299 533/850/299
f 531/852/301 564/889/301 565/888/300 532/851/300
f 530/853/302 563/890/302 564/889/301 531/852/301
f 529/854/303 562/891/303 563/892/302 530/855/302
f 528/856/304 561/893/304 562/891/303 529/854/303
f 527/857/305 560/894/305 561/893/304 528/856/304
f 526/858/306 559/895/306 560/894/305 527/857/305
f 525/859/307 558/896/307 559/895/306 526/858/306
f 524/860/308 557/897/308 558/896/307 525/859/307
f 523/861/309 556/898/309 557/897/308 524/860/308
f 522/862/310 555/899/310 556/898/309 523/861/309
f 521/863/311 554/900/311 555/899/310 522/862/310
f 520/864/312 553/901/312 554/902/311 521/865/311
f 519/866/313 552/903/313 553/901/312 520/864/312
f 518/867/194 551/904/194 552/903/313 519/866/313
f 517/868/314 550/905/314 551/904/194 518/867/194
f 516/869/315 549/906/315 550/905/314 517/868/314
f 515/870/316 548/907/316 549/906/315 516/869/315
f 514/871/317 547/908/317 548/907/316 515/870/316
f 513/872/318 546/909/318 547/910/317 514/873/317
f 512/874/319 545/911/319 546/909/318 513/872/318
f 511/875/320 544/912/320 545/911/319 512/874/319
f 510/842/291 543/879/291 544/912/320 511/875/320
f 571/876/296 604/542/296 608/543/294 575/877/294
f 574/878/290 607/583/290 576/477/291 543/879/291
f 573/880/292 606/548/292 607/583/290 574/878/290
f 572/881/293 605/546/293 606/548/292 573/880/292
f 575/877/294 608/543/294 605/546/293 572/881/293
f 570/882/295 603/539/295 604/542/296 571/876/296
f 569/883/297 602/536/297 603/538/295 570/884/295
f 568/885/298 601/534/298 602/536/297 569/883/297
f 567/886/189 600/532/189 601/534/298 568/885/298
f 566/887/299 599/530/299 600/532/189 567/886/189
f 565/888/300 598/528/300 599/530/299 566/887/299
f 564/889/301 597/526/301 598/528/300 565/888/300
f 563/890/302 596/523/302 597/526/301 564/889/301
f 562/891/303 595/520/303 596/522/302 563/892/302
f 561/893/304 594/518/304 595/520/303 562/891/303
f 560/894/305 593/516/305 594/518/304 561/893/304
f 559/895/306 592/514/306 593/516/305 560/894/305
f 558/896/307 591/512/307 592/514/306 559/895/306
f 557/897/308 590/510/308 591/512/307 558/896/307
f 556/898/309 589/508/309 590/510/308 557/897/308
f 555/899/310 588/506/310 589/508/309 556/898/309
f 554/900/311 587/503/311 588/506/310 555/899/310
f 553/901/312 586/500/312 587/502/311 554/902/311
f 552/903/313 585/498/313 586/500/312 553/901/312
f 551/904/194 584/496/194 585/498/313 552/903/313
f 550/905/314 583/494/314 584/496/194 551/904/194
f 549/906/315 582/492/315 583/494/314 550/905/314
f 548/907/316 581/490/316 582/492/315 549/906/315
f 547/908/317 580/487/317 581/490/316 548/907/316
f 546/909/318 579/484/318 580/486/317 547/910/317
f 545/911/319 578/482/319 579/484/318 546/909/318
f 544/912/320 577/480/320 578/482/319 545/911/319
f 543/879/291 576/477/291 577/480/320 544/912/320
f 669/913/296 636/630/296 641/625/294 673/914/294
f 674/915/291 640/620/291 609/689/320 642/916/320
f 642/916/320 609/689/320 610/687/319 643/917/319
f 643/917/319 610/687/319 611/683/318 644/918/318
f 644/918/318 611/683/318 612/686/317 645/919/317
f 645/920/317 612/681/317 613/679/316 646/921/316
f 646/921/316 613/679/316 614/677/315 647/922/315
f 647/922/315 614/677/315 615/675/314 648/923/314
f 648/923/314 615/675/314 616/673/194 649/924/194
f 649/924/194 616/673/194 617/671/313 650/925/313
f 650/925/313 617/671/313 618/667/312 651/926/312
f 651/926/312 618/667/312 619/670/311 652/927/311
f 652/928/311 619/665/311 620/663/310 653/929/310
f 653/929/310 620/663/310 621/661/309 654/930/309
f 654/930/309 621/661/309 622/659/308 655/931/308
f 655/931/308 622/659/308 623/657/307 656/932/307
f 656/932/307 623/657/307 624/655/306 657/933/306
f 657/933/306 624/655/306 625/653/305 658/934/305
f 658/934/305 625/653/305 626/651/304 659/935/304
f 659/935/304 626/651/304 627/647/303 660/936/303
f 660/936/303 627/647/303 628/650/302 661/937/302
f 661/938/302 628/645/302 629/643/301 662/939/301
f 662/939/301 629/643/301 630/641/300 663/940/300
f 663/940/300 630/641/300 631/639/299 664/941/299
f 664/941/299 631/639/299 632/637/189 665/942/189
f 665/942/189 632/637/189 633/635/298 666/943/298
f 666/943/298 633/635/298 634/631/297 667/944/297
f 667/944/297 634/631/297 635/634/295 668/945/295
f 668/946/295 635/627/295 636/630/296 669/913/296
f 673/914/294 641/625/294 637/623/293 670/947/293
f 670/947/293 637/623/293 638/621/292 671/948/292
f 671/948/292 638/621/292 639/617/290 672/949/290
f 672/949/290 639/617/290 640/620/291 674/915/291
f 705/950/290 672/949/290 674/915/291 707/951/291
f 704/952/292 671/948/292 672/949/290 705/950/290
f 703/953/293 670/947/293 671/948/292 704/952/292
f 706/954/294 673/914/294 670/947/293 703/953/293
f 701/955/295 668/946/295 669/913/296 702/956/296
f 700/957/297 667/944/297 668/945/295 701/958/295
f 699/959/298 666/943/298 667/944/297 700/957/297
f 698/960/189 665/942/189 666/943/298 699/959/298
f 697/961/299 664/941/299 665/942/189 698/960/189
f 696/962/300 663/940/300 664/941/299 697/961/299
f 695/963/301 662/939/301 663/940/300 696/962/300
f 694/964/302 661/938/302 662/939/301 695/963/301
f 693/965/303 660/936/303 661/937/302 694/966/302
f 692/967/304 659/935/304 660/936/303 693/965/303
f 691/968/305 658/934/305 659/935/304 692/967/304
f 690/969/306 657/933/306 658/934/305 691/968/305
f 689/970/307 656/932/307 657/933/306 690/969/306
f 688/971/308 655/931/308 656/932/307 689/970/307
f 687/972/309 654/930/309 655/931/308 688/971/308
f 686/973/310 653/929/310 654/930/309 687/972/309
f 685/974/311 652/928/311 653/929/310 686/973/310
f 684/975/312 651/926/312 652/927/311 685/976/311
f 683/977/313 650/925/313 651/926/312 684/975/312
f 682/978/194 649/924/194 650/925/313 683/977/313
f 681/979/314 648/923/314 649/924/194 682/978/194
f 680/980/315 647/922/315 648/923/314 681/979/314
f 679/981/316 646/921/316 647/922/315 680/980/315
f 678/982/317 645/920/317 646/921/316 679/981/316
f 677/983/318 644/918/318 645/919/317 678/984/317
f 676/985/319 643/917/319 644/918/318 677/983/318
f 675/986/320 642/916/320 643/917/319 676/985/319
f 707/951/291 674/915/291 642/916/320 675/986/320
f 702/956/296 669/913/296 673/914/294 706/954/294
f 769/987/296 702/956/296 706/954/294 773/988/294
f 741/989/291 707/951/291 675/986/320 742/990/320
f 742/990/320 675/986/320 676/985/319 743/991/319
f 743/991/319 676/985/319 677/983/318 744/992/318
f 744/992/318 677/983/318 678/984/317 745/993/317
f 745/994/317 678/982/317 679/981/316 746/995/316
f 746/995/316 679/981/316 680/980/315 747/996/315
f 747/996/315 680/980/315 681/979/314 748/997/314
f 748/997/314 681/979/314 682/978/194 749/998/194
f 749/998/194 682/978/194 683/977/313 750/999/313
f 750/999/313 683/977/313 684/975/312 751/1000/312
f 751/1000/312 684/975/312 685/976/311 752/1001/311
f 752/1002/311 685/974/311 686/973/310 753/1003/310
f 753/1003/310 686/973/310 687/972/309 754/1004/309
f 754/1004/309 687/972/309 688/971/308 755/1005/308
f 755/1005/308 688/971/308 689/970/307 756/1006/307
f 756/1006/307 689/970/307 690/969/306 757/1007/306
f 757/1007/306 690/969/306 691/968/305 758/1008/305
f 758/1008/305 691/968/305 692/967/304 759/1009/304
f 759/1009/304 692/967/304 693/965/303 760/1010/303
f 760/1010/303 693/965/303 694/966/302 761/1011/302
f 761/1012/302 694/964/302 695/963/301 762/1013/301
f 762/1013/301 695/963/301 696/962/300 763/1014/300
f 763/1014/300 696/962/300 697/961/299 764/1015/299
f 764/1015/299 697/961/299 698/960/189 765/1016/189
f 765/1016/189 698/960/189 699/959/298 766/1017/298
f 766/1017/298 699/959/298 700/957/297 767/1018/297
f 767/1018/297 700/957/297 701/958/295 768/1019/295
f 768/1020/295 701/955/295 702/956/296 769/987/296
f 773/988/294 706/954/294 703/953/293 770/1021/293
f 770/1021/293 703/953/293 704/952/292 771/1022/292
f 771/1022/292 704/952/292 705/950/290 772/1023/290
f 772/1023/290 705/950/290 707/951/291 741/989/291
f 341/1024/321 738/1025/322 740/1026/323 279/1027/323
f 339/1028/324 737/1029/325 738/1025/322 341/1024/321
f 337/1030/326 736/1031/327 737/1029/325 339/1028/324
f 503/1032/328 739/1033/328 736/1031/327 337/1030/326
f 333/1034/329 734/1035/330 735/1036/331 335/1037/332
f 331/1038/333 733/1039/334 734/1040/330 333/1041/329
f 329/1042/335 732/1043/336 733/1039/334 331/1038/333
f 327/1044/337 731/1045/337 732/1043/336 329/1042/335
f 325/1046/338 730/1047/339 731/1045/337 327/1044/337
f 323/1048/340 729/1049/341 730/1047/339 325/1046/338
f 321/1050/342 728/1051/343 729/1049/341 323/1048/340
f 319/1052/344 727/1053/345 728/1051/343 321/1050/342
f 317/1054/346 726/1055/347 727/1056/345 319/1057/344
f 315/1058/348 725/1059/349 726/1055/347 317/1054/346
f 313/1060/350 724/1061/351 725/1059/349 315/1058/348
f 311/1062/352 723/1063/352 724/1061/351 313/1060/350
f 309/1064/353 722/1065/354 723/1063/352 311/1062/352
f 307/1066/355 721/1067/356 722/1065/354 309/1064/353
f 305/1068/357 720/1069/358 721/1067/356 307/1066/355
f 303/1070/359 719/1071/360 720/1069/358 305/1068/357
f 301/1072/361 718/1073/362 719/1071/360 303/1070/359
f 299/1074/363 717/1075/364 718/1076/362 301/1077/361
f 297/1078/365 716/1079/366 717/1075/364 299/1074/363
f 295/1080/367 715/1081/367 716/1079/366 297/1078/365
f 293/1082/368 714/1083/369 715/1081/367 295/1080/367
f 291/1084/370 713/1085/371 714/1083/369 293/1082/368
f 289/1086/372 712/1087/373 713/1085/371 291/1084/370
f 287/1088/374 711/1089/375 712/1087/373 289/1086/372
f 285/1090/376 710/1091/377 711/1092/375 287/1093/374
f 283/1094/378 709/1095/379 710/1091/377 285/1090/376
f 281/1096/380 708/1097/381 709/1095/379 283/1094/378
f 279/1027/323 740/1026/323 708/1097/381 281/1096/380
f 335/1037/332 735/1036/331 739/1033/328 503/1032/328
f 738/1025/290 772/1023/290 741/989/291 740/1026/291
f 737/1029/292 771/1022/292 772/1023/290 738/1025/290
f 736/1031/293 770/1021/293 771/1022/292 737/1029/292
f 739/1033/294 773/988/294 770/1021/293 736/1031/293
f 734/1035/295 768/1020/295 769/987/296 735/1036/296
f 733/1039/297 767/1018/297 768/1019/295 734/1040/295
f 732/1043/298 766/1017/298 767/1018/297 733/1039/297
f 731/1045/189 765/1016/189 766/1017/298 732/1043/298
f 730/1047/299 764/1015/299 765/1016/189 731/1045/189
f 729/1049/300 763/1014/300 764/1015/299 730/1047/299
f 728/1051/301 762/1013/301 763/1014/300 729/1049/300
f 727/1053/302 761/1012/302 762/1013/301 728/1051/301
f 726/1055/303 760/1010/303 761/1011/302 727/1056/302
f 725/1059/304 759/1009/304 760/1010/303 726/1055/303
f 724/1061/305 758/1008/305 759/1009/304 725/1059/304
f 723/1063/306 757/1007/306 758/1008/305 724/1061/305
f 722/1065/307 756/1006/307 757/1007/306 723/1063/306
f 721/1067/308 755/1005/308 756/1006/307 722/1065/307
f 720/1069/309 754/1004/309 755/1005/308 721/1067/308
f 719/1071/310 753/1003/310 754/1004/309 720/1069/309
f 718/1073/311 752/1002/311 753/1003/310 719/1071/310
f 717/1075/312 751/1000/312 752/1001/311 718/1076/311
f 716/1079/313 750/999/313 751/1000/312 717/1075/312
f 715/1081/194 749/998/194 750/999/313 716/1079/313
f 714/1083/314 748/997/314 749/998/194 715/1081/194
f 713/1085/315 747/996/315 748/997/314 714/1083/314
f 712/1087/316 746/995/316 747/996/315 713/1085/315
f 711/1089/317 745/994/317 746/995/316 712/1087/316
f 710/1091/318 744/992/318 745/993/317 711/1092/317
f 709/1095/319 743/991/319 744/992/318 710/1091/318
f 708/1097/320 742/990/320 743/991/319 709/1095/319
f 740/1026/291 741/989/291 742/990/320 708/1097/320
f 735/1036/296 769/987/296 773/988/294 739/1033/294
f 774/1098/220 786/1099/382 787/1100/383 775/1101/384
f 775/1101/384 787/1100/383 788/1102/385 776/1103/386
f 776/1104/387 788/1105/388 789/1106/389 777/1107/387
f 777/1107/390 789/1106/391 790/1108/392 778/1109/390
f 778/1110/393 790/1111/394 791/1112/395 779/1113/396
f 779/1113/396 791/1112/395 792/1114/397 780/1115/203
f 780/1115/203 792/1114/397 793/1116/398 781/1117/399
f 781/1117/399 793/1116/398 794/1118/400 782/1119/401
f 782/1120/402 794/1121/403 795/1122/404 783/1123/402
f 783/1123/405 795/1122/406 796/1124/407 784/1125/405
f 784/1126/408 796/1127/409 797/1128/410 785/1129/411
f 785/1129/411 797/1128/410 786/1099/382 774/1098/220
f 786/1099/382 798/1130/412 799/1131/413 787/1100/383
f 787/1100/383 799/1131/413 800/1132/414 788/1102/385
f 788/1105/388 800/1133/415 801/1134/416 789/1106/389
f 789/1106/391 801/1134/417 802/1135/418 790/1108/392
f 790/1111/394 802/1136/419 803/1137/420 791/1112/395
f 791/1112/395 803/1137/420 804/1138/421 792/1114/397
f 792/1114/397 804/1138/421 805/1139/422 793/1116/398
f 793/1116/398 805/1139/422 806/1140/423 794/1118/400
f 794/1121/403 806/1141/424 807/1142/425 795/1122/404
f 795/1122/406 807/1142/426 808/1143/427 796/1124/407
f 796/1127/409 808/1144/428 809/1145/429 797/1128/410
f 797/1128/410 809/1145/429 798/1130/412 786/1099/382
f 798/1130/412 810/1146/430 811/1147/431 799/1131/413
f 799/1131/413 811/1147/431 812/1148/432 800/1132/414
f 800/1133/415 812/1149/433 813/1150/434 801/1134/416
f 801/1134/417 813/1150/435 814/1151/436 802/1135/418
f 802/1136/419 814/1152/437 815/1153/438 803/1137/420
f 803/1137/420 815/1153/438 816/1154/439 804/1138/421
f 804/1138/421 816/1154/439 817/1155/440 805/1139/422
f 805/1139/422 817/1155/440 818/1156/441 806/1140/423
f 806/1141/424 818/1157/442 819/1158/443 807/1142/425
f 807/1142/426 819/1158/444 820/1159/445 808/1143/427
f 808/1144/428 820/1160/446 821/1161/447 809/1145/429
f 809/1145/429 821/1161/447 810/1146/430 798/1130/412
f 810/1146/430 822/1162/448 823/1163/449 811/1147/431
f 811/1147/431 823/1163/449 824/1164/450 812/1148/432
f 812/1149/433 824/1165/451 825/1166/452 813/1150/434
f 813/1150/435 825/1166/453 826/1167/454 814/1151/436
f 814/1152/437 826/1168/455 827/1169/456 815/1153/438
f 815/1153/438 827/1169/456 828/1170/457 816/1154/439
f 816/1154/439 828/1170/457 829/1171/458 817/1155/440
f 817/1155/440 829/1171/458 830/1172/459 818/1156/441
f 818/1157/442 830/1173/460 831/1174/461 819/1158/443
f 819/1158/444 831/1174/462 832/1175/463 820/1159/445
f 820/1160/446 832/1176/464 833/1177/465 821/1161/447
f 821/1161/447 833/1177/465 822/1162/448 810/1146/430
f 822/1178/448 834/1179/466 835/1180/467 823/1181/449
f 823/1181/449 835/1180/467 836/1182/468 824/1183/450
f 824/1165/451 836/1184/469 837/1185/470 825/1166/452
f 825/1166/453 837/1185/471 838/1186/472 826/1167/454
f 826/1168/455 838/1187/473 839/1188/474 827/1169/456
f 827/1189/456 839/1190/474 840/1191/475 828/1192/457
f 828/1192/457 840/1191/475 841/1193/476 829/1194/458
f 829/1194/458 841/1193/476 842/1195/477 830/1196/459
f 830/1173/460 842/1197/478 843/1198/479 831/1174/461
f 831/1174/462 843/1198/480 844/1199/481 832/1175/463
f 832/1200/464 844/1201/482 845/1202/483 833/1203/465
f 833/1203/465 845/1202/483 834/1179/466 822/1178/448
f 834/1179/466 846/1204/484 847/1205/485 835/1180/467
f 835/1180/467 847/1205/485 848/1206/486 836/1182/468
f 836/1184/469 848/1207/487 849/1208/488 837/1185/470
f 837/1185/471 849/1208/489 850/1209/490 838/1186/472
f 838/1210/473 850/1211/491 851/1212/492 839/1190/474
f 839/1190/474 851/1212/492 852/1213/493 840/1191/475
f 840/1191/475 852/1213/493 853/1214/494 841/1193/476
f 841/1193/476 853/1214/494 854/1215/495 842/1195/477
f 842/1197/478 854/1216/496 855/1217/497 843/1198/479
f 843/1198/480 855/1217/498 856/1218/499 844/1199/481
f 844/1201/482 856/1219/500 857/1220/501 845/1202/483
f 845/1202/483 857/1220/501 846/1204/484 834/1179/466
f 846/1204/484 858/1221/502 859/1222/503 847/1205/485
f 847/1205/485 859/1222/503 860/1223/504 848/1206/486
f 848/1207/487 860/1224/505 861/1225/506 849/1208/488
f 849/1208/489 861/1225/507 862/1226/508 850/1209/490
f 850/1211/491 862/1227/509 863/1228/510 851/1212/492
f 851/1212/492 863/1228/510 864/1229/511 852/1213/493
f 852/1213/493 864/1229/511 865/1230/512 853/1214/494
f 853/1214/494 865/1230/512 866/1231/513 854/1215/495
f 854/1216/496 866/1232/514 867/1233/515 855/1217/497
f 855/1217/498 867/1233/516 868/1234/517 856/1218/499
f 856/1219/500 868/1235/518 869/1236/519 857/1220/501
f 857/1220/501 869/1236/519 858/1221/502 846/1204/484
f 858/1221/502 870/1237/520 871/1238/521 859/1222/503
f 859/1222/503 871/1238/521 872/1239/522 860/1223/504
f 860/1224/505 872/1240/523 873/1241/524 861/1225/506
f 861/1225/507 873/1241/525 874/1242/526 862/1226/508
f 862/1227/509 874/1243/527 875/1244/528 863/1228/510
f 863/1228/510 875/1244/528 876/1245/529 864/1229/511
f 864/1229/511 876/1245/529 877/1246/530 865/1230/512
f 865/1230/512 877/1246/530 878/1247/531 866/1231/513
f 866/1232/514 878/1248/532 879/1249/533 867/1233/515
f 867/1233/516 879/1249/534 880/1250/535 868/1234/517
f 868/1235/518 880/1251/536 881/1252/537 869/1236/519
f 869/1236/519 881/1252/537 870/1237/520 858/1221/502
f 870/1237/520 882/1253/538 883/1254/539 871/1238/521
f 871/1238/521 883/1254/539 884/1255/540 872/1239/522
f 872/1240/523 884/1256/541 885/1257/542 873/1241/524
f 873/1241/525 885/1257/543 886/1258/544 874/1242/526
f 874/1243/527 886/1259/545 887/1260/546 875/1244/528
f 875/1244/528 887/1260/546 888/1261/547 876/1245/529
f 876/1245/529 888/1261/547 889/1262/548 877/1246/530
f 877/1246/530 889/1262/548 890/1263/549 878/1247/531
f 878/1248/532 890/1264/550 891/1265/551 879/1249/533
f 879/1249/534 891/1265/552 892/1266/553 880/1250/535
f 880/1251/536 892/1267/554 893/1268/555 881/1252/537
f 881/1252/537 893/1268/555 882/1253/538 870/1237/520
f 882/1253/538 894/1269/556 895/1270/557 883/1254/539
f 883/1254/539 895/1270/557 896/1271/558 884/1255/540
f 884/1256/541 896/1272/559 897/1273/560 885/1257/542
f 885/1257/543 897/1273/561 898/1274/562 886/1258/544
f 886/1259/545 898/1275/563 899/1276/564 887/1260/546
f 887/1260/546 899/1276/564 900/1277/565 888/1261/547
f 888/1261/547 900/1277/565 901/1278/566 889/1262/548
f 889/1262/548 901/1278/566 902/1279/567 890/1263/549
f 890/1264/550 902/1280/568 903/1281/569 891/1265/551
f 891/1265/552 903/1281/570 904/1282/571 892/1266/553
f 892/1267/554 904/1283/572 905/1284/573 893/1268/555
f 893/1268/555 905/1284/573 894/1269/556 882/1253/538
f 894/1269/556 906/1285/574 907/1286/575 895/1270/557
f 895/1270/557 907/1286/575 908/1287/576 896/1271/558
f 896/1272/559 908/1288/577 909/1289/578 897/1273/560
f 897/1273/561 909/1289/579 910/1290/580 898/1274/562
f 898/1275/563 910/1291/581 911/1292/582 899/1276/564
f 899/1276/564 911/1292/582 912/1293/583 900/1277/565
f 900/1277/565 912/1293/583 913/1294/584 901/1278/566
f 901/1278/566 913/1294/584 914/1295/585 902/1279/567
f 902/1280/568 914/1296/586 915/1297/587 903/1281/569
f 903/1281/570 915/1297/588 916/1298/589 904/1282/571
f 904/1283/572 916/1299/590 917/1300/591 905/1284/573
f 905/1284/573 917/1300/591 906/1285/574 894/1269/556
f 906/1285/574 918/1301/592 919/1302/593 907/1286/575
f 907/1286/575 919/1302/593 920/1303/594 908/1287/576
f 908/1288/577 920/1304/595 921/1305/595 909/1289/578
f 909/1289/579 921/1305/596 922/1306/596 910/1290/580
f 910/1291/581 922/1307/597 923/1308/598 911/1292/582
f 911/1292/582 923/1308/598 924/1309/599 912/1293/583
f 912/1293/583 924/1309/599 925/1310/600 913/1294/584
f 913/1294/584 925/1310/600 926/1311/601 914/1295/585
f 914/1296/586 926/1312/602 927/1313/602 915/1297/587
f 915/1297/588 927/1313/603 928/1314/603 916/1298/589
f 916/1299/590 928/1315/604 929/1316/605 917/1300/591
f 917/1300/591 929/1316/605 918/1301/592 906/1285/574
f 918/1301/606 930/1317/607 931/1318/608 919/1302/609
f 919/1302/609 931/1318/608 932/1319/610 920/1303/611
f 920/1304/612 932/1320/613 933/1321/614 921/1305/612
f 921/1305/615 933/1321/616 934/1322/617 922/1306/615
f 922/1307/618 934/1323/619 935/1324/620 923/1308/621
f 923/1308/621 935/1324/620 936/1325/622 924/1309/623
f 924/1309/623 936/1325/622 937/1326/624 925/1310/625
f 925/1310/625 937/1326/624 938/1327/626 926/1311/627
f 926/1312/628 938/1328/629 939/1329/630 927/1313/628
f 927/1313/631 939/1329/632 940/1330/633 928/1314/631
f 928/1315/634 940/1331/635 941/1332/636 929/1316/637
f 929/1316/637 941/1332/636 930/1317/607 918/1301/606
f 930/1317/607 942/1333/638 943/1334/639 931/1318/608
f 931/1318/608 943/1334/639 944/1335/640 932/1319/610
f 932/1320/613 944/1336/641 945/1337/642 933/1321/614
f 933/1321/616 945/1337/643 946/1338/644 934/1322/617
f 934/1323/619 946/1339/645 947/1340/646 935/1324/620
f 935/1324/620 947/1340/646 948/1341/647 936/1325/622
f 936/1325/622 948/1341/647 949/1342/648 937/1326/624
f 937/1326/624 949/1342/648 950/1343/649 938/1327/626
f 938/1328/629 950/1344/650 951/1345/651 939/1329/630
f 939/1329/632 951/1345/652 952/1346/653 940/1330/633
f 940/1331/635 952/1347/654 953/1348/655 941/1332/636
f 941/1332/636 953/1348/655 942/1333/638 930/1317/607
f 942/1333/638 954/1349/656 955/1350/657 943/1334/639
f 943/1334/639 955/1350/657 956/1351/658 944/1335/640
f 944/1336/641 956/1352/659 957/1353/660 945/1337/642
f 945/1337/643 957/1353/661 958/1354/662 946/1338/644
f 946/1339/645 958/1355/663 959/1356/664 947/1340/646
f 947/1340/646 959/1356/664 960/1357/665 948/1341/647
f 948/1341/647 960/1357/665 961/1358/666 949/1342/648
f 949/1342/648 961/1358/666 962/1359/667 950/1343/649
f 950/1344/650 962/1360/668 963/1361/669 951/1345/651
f 951/1345/652 963/1361/670 964/1362/671 952/1346/653
f 952/1347/654 964/1363/672 965/1364/673 953/1348/655
f 953/1348/655 965/1364/673 954/1349/656 942/1333/638
f 954/1349/656 966/1365/674 967/1366/675 955/1350/657
f 955/1350/657 967/1366/675 968/1367/676 956/1351/658
f 956/1352/659 968/1368/677 969/1369/678 957/1353/660
f 957/1353/661 969/1369/679 970/1370/680 958/1354/662
f 958/1355/663 970/1371/681 971/1372/682 959/1356/664
f 959/1356/664 971/1372/682 972/1373/683 960/1357/665
f 960/1357/665 972/1373/683 973/1374/684 961/1358/666
f 961/1358/666 973/1374/684 974/1375/685 962/1359/667
f 962/1360/668 974/1376/686 975/1377/687 963/1361/669
f 963/1361/670 975/1377/688 976/1378/689 964/1362/671
f 964/1363/672 976/1379/690 977/1380/691 965/1364/673
f 965/1364/673 977/1380/691 966/1365/674 954/1349/656
f 966/1365/674 978/1381/692 979/1382/693 967/1366/675
f 967/1366/675 979/1382/693 980/1383/694 968/1367/676
f 968/1368/677 980/1384/695 981/1385/696 969/1369/678
f 969/1369/679 981/1385/697 982/1386/698 970/1370/680
f 970/1371/681 982/1387/699 983/1388/700 971/1372/682
f 971/1372/682 983/1388/700 984/1389/701 972/1373/683
f 972/1373/683 984/1389/701 985/1390/702 973/1374/684
f 973/1374/684 985/1390/702 986/1391/703 974/1375/685
f 974/1376/686 986/1392/704 987/1393/705 975/1377/687
f 975/1377/688 987/1393/706 988/1394/707 976/1378/689
f 976/1379/690 988/1395/708 989/1396/709 977/1380/691
f 977/1380/691 989/1396/709 978/1381/692 966/1365/674
f 978/1381/692 990/1397/710 991/1398/711 979/1382/693
f 979/1382/693 991/1398/711 992/1399/712 980/1383/694
f 980/1384/695 992/1400/713 993/1401/714 981/1385/696
f 981/1385/697 993/1401/715 994/1402/716 982/1386/698
f 982/1387/699 994/1403/717 995/1404/718 983/1388/700
f 983/1388/700 995/1404/718 996/1405/719 984/1389/701
f 984/1389/701 996/1405/719 997/1406/720 985/1390/702
f 985/1390/702 997/1406/720 998/1407/721 986/1391/703
f 986/1392/704 998/1408/722 999/1409/723 987/1393/705
f 987/1393/706 999/1409/724 1000/1410/725 988/1394/707
f 988/1395/708 1000/1411/726 1001/1412/727 989/1396/709
f 989/1396/709 1001/1412/727 990/1397/710 978/1381/692
f 990/1397/710 1002/1413/728 1003/1414/729 991/1398/711
f 991/1398/711 1003/1414/729 1004/1415/730 992/1399/712
f 992/1400/713 1004/1416/731 1005/1417/732 993/1401/714
f 993/1401/715 1005/1417/733 1006/1418/734 994/1402/716
f 994/1403/717 1006/1419/735 1007/1420/736 995/1404/718
f 995/1404/718 1007/1420/736 1008/1421/737 996/1405/719
f 996/1405/719 1008/1421/737 1009/1422/738 997/1406/720
f 997/1406/720 1009/1422/738 1010/1423/739 998/1407/721
f 998/1408/722 1010/1424/740 1011/1425/741 999/1409/723
f 999/1409/724 1011/1425/742 1012/1426/743 1000/1410/725
f 1000/1411/726 1012/1427/744 1013/1428/745 1001/1412/727
f 1001/1412/727 1013/1428/745 1002/1413/728 990/1397/710
f 1002/1413/728 1014/1429/746 1015/1430/747 1003/1414/729
f 1003/1414/729 1015/1430/747 1016/1431/748 1004/1415/730
f 1004/1416/731 1016/1432/749 1017/1433/750 1005/1417/732
f 1005/1417/733 1017/1433/751 1018/1434/752 1006/1418/734
f 1006/1435/735 1018/1436/753 1019/1437/754 1007/1438/736
f 1007/1438/736 1019/1437/754 1020/1439/755 1008/1440/737
f 1008/1421/737 1020/1441/755 1021/1442/756 1009/1422/738
f 1009/1422/738 1021/1442/756 1022/1443/757 1010/1423/739
f 1010/1424/740 1022/1444/758 1023/1445/759 1011/1425/741
f 1011/1425/742 1023/1445/760 1024/1446/761 1012/1426/743
f 1012/1447/744 1024/1448/762 1025/1449/763 1013/1450/745
f 1013/1428/745 1025/1451/763 1014/1429/746 1002/1413/728
f 1014/1452/746 1026/1453/764 1027/1454/765 1015/1455/747
f 1015/1455/747 1027/1454/765 1028/1456/766 1016/1457/748
f 1016/1432/749 1028/1458/767 1029/1459/768 1017/1433/750
f 1017/1433/751 1029/1459/769 1030/1460/770 1018/1434/752
f 1018/1436/753 1030/1461/771 1031/1462/772 1019/1437/754
f 1019/1437/754 1031/1462/772 1032/1463/773 1020/1439/755
f 1020/1439/755 1032/1463/773 1033/1464/774 1021/1465/756
f 1021/1465/756 1033/1464/774 1034/1466/775 1022/1467/757
f 1022/1444/758 1034/1468/776 1035/1469/777 1023/1445/759
f 1023/1445/760 1035/1469/778 1036/1470/779 1024/1446/761
f 1024/1448/762 1036/1471/780 1037/1472/781 1025/1449/763
f 1025/1449/763 1037/1472/781 1026/1453/764 1014/1452/746
f 1026/1453/764 1038/1473/782 1039/1474/783 1027/1454/765
f 1027/1454/765 1039/1474/783 1040/1475/784 1028/1456/766
f 1028/1458/767 1040/1476/785 1041/1477/786 1029/1459/768
f 1029/1459/769 1041/1477/787 1042/1478/788 1030/1460/770
f 1030/1461/771 1042/1479/789 1043/1480/790 1031/1462/772
f 1031/1462/772 1043/1480/790 1044/1481/791 1032/1463/773
f 1032/1463/773 1044/1481/791 1045/1482/792 1033/1464/774
f 1033/1464/774 1045/1482/792 1046/1483/793 1034/1466/775
f 1034/1468/776 1046/1484/794 1047/1485/795 1035/1469/777
f 1035/1469/778 1047/1485/796 1048/1486/797 1036/1470/779
f 1036/1471/780 1048/1487/798 1049/1488/799 1037/1472/781
f 1037/1472/781 1049/1488/799 1038/1473/782 1026/1453/764
f 1038/1473/782 1050/1489/800 1051/1490/801 1039/1474/783
f 1039/1474/783 1051/1490/801 1052/1491/802 1040/1475/784
f 1040/1476/785 1052/1492/803 1053/1493/804 1041/1477/786
f 1041/1477/787 1053/1493/805 1054/1494/806 1042/1478/788
f 1042/1479/789 1054/1495/807 1055/1496/808 1043/1480/790
f 1043/1480/790 1055/1496/808 1056/1497/809 1044/1481/791
f 1044/1481/791 1056/1497/809 1057/1498/810 1045/1482/792
f 1045/1482/792 1057/1498/810 1058/1499/811 1046/1483/793
f 1046/1484/794 1058/1500/812 1059/1501/813 1047/1485/795
f 1047/1485/796 1059/1501/814 1060/1502/815 1048/1486/797
f 1048/1487/798 1060/1503/816 1061/1504/817 1049/1488/799
f 1049/1488/799 1061/1504/817 1050/1489/800 1038/1473/782
f 1050/1489/800 1062/1505/203 1063/1506/818 1051/1490/801
f 1051/1490/801 1063/1506/818 1064/1507/393 1052/1491/802
f 1052/1492/803 1064/1508/390 1065/1509/390 1053/1493/804
f 1053/1493/805 1065/1509/387 1066/1510/387 1054/1494/806
f 1054/1495/807 1066/1511/386 1067/1512/819 1055/1496/808
f 1055/1496/808 1067/1512/819 1068/1513/220 1056/1497/809
f 1056/1497/809 1068/1513/220 1069/1514/820 1057/1498/810
f 1057/1498/810 1069/1514/820 1070/1515/408 1058/1499/811
f 1058/1500/812 1070/1516/405 1071/1517/405 1059/1501/813
f 1059/1501/814 1071/1517/402 1072/1518/402 1060/1502/815
f 1060/1503/816 1072/1519/401 1073/1520/821 1061/1504/817
f 1061/1504/817 1073/1520/821 1062/1505/203 1050/1489/800
f 1062/1505/203 1074/1521/822 1075/1522/823 1063/1506/818
f 1063/1506/818 1075/1522/823 1076/1523/824 1064/1507/393
f 1064/1508/390 1076/1524/391 1077/1525/392 1065/1509/390
f 1065/1509/387 1077/1525/388 1078/1526/389 1066/1510/387
f 1066/1511/386 1078/1527/825 1079/1528/826 1067/1512/819
f 1067/1512/819 1079/1528/826 1080/1529/827 1068/1513/220
f 1068/1513/220 1080/1529/827 1081/1530/828 1069/1514/820
f 1069/1514/820 1081/1530/828 1082/1531/829 1070/1515/408
f 1070/1516/405 1082/1532/406 1083/1533/830 1071/1517/405
f 1071/1517/402 1083/1533/403 1084/1534/404 1072/1518/402
f 1072/1519/401 1084/1535/831 1085/1536/832 1073/1520/821
f 1073/1520/821 1085/1536/832 1074/1521/822 1062/1505/203
f 1074/1521/822 1086/1537/833 1087/1538/834 1075/1522/823
f 1075/1522/823 1087/1538/834 1088/1539/835 1076/1523/824
f 1076/1524/391 1088/1540/417 1089/1541/418 1077/1525/392
f 1077/1525/388 1089/1541/415 1090/1542/416 1078/1526/389
f 1078/1527/825 1090/1543/836 1091/1544/837 1079/1528/826
f 1079/1528/826 1091/1544/837 1092/1545/838 1080/1529/827
f 1080/1529/827 1092/1545/838 1093/1546/839 1081/1530/828
f 1081/1530/828 1093/1546/839 1094/1547/840 1082/1531/829
f 1082/1532/406 1094/1548/426 1095/1549/427 1083/1533/830
f 1083/1533/403 1095/1549/424 1096/1550/425 1084/1534/404
f 1084/1535/831 1096/1551/841 1097/1552/842 1085/1536/832
f 1085/1536/832 1097/1552/842 1086/1537/833 1074/1521/822
f 1086/1537/833 1098/1553/843 1099/1554/844 1087/1538/834
f 1087/1538/834 1099/1554/844 1100/1555/845 1088/1539/835
f 1088/1540/417 1100/1556/435 1101/1557/436 1089/1541/418
f 1089/1541/415 1101/1557/433 1102/1558/434 1090/1542/416
f 1090/1543/836 1102/1559/846 1103/1560/847 1091/1544/837
f 1091/1544/837 1103/1560/847 1104/1561/848 1092/1545/838
f 1092/1545/838 1104/1561/848 1105/1562/849 1093/1546/839
f 1093/1546/839 1105/1562/849 1106/1563/850 1094/1547/840
f 1094/1548/426 1106/1564/444 1107/1565/445 1095/1549/427
f 1095/1549/424 1107/1565/442 1108/1566/443 1096/1550/425
f 1096/1551/841 1108/1567/851 1109/1568/852 1097/1552/842
f 1097/1552/842 1109/1568/852 1098/1553/843 1086/1537/833
f 1098/1553/843 1110/1569/853 1111/1570/854 1099/1554/844
f 1099/1554/844 1111/1570/854 1112/1571/855 1100/1555/845
f 1100/1556/435 1112/1572/453 1113/1573/454 1101/1557/436
f 1101/1557/433 1113/1573/451 1114/1574/452 1102/1558/434
f 1102/1559/846 1114/1575/856 1115/1576/857 1103/1560/847
f 1103/1560/847 1115/1576/857 1116/1577/858 1104/1561/848
f 1104/1561/848 1116/1577/858 1117/1578/859 1105/1562/849
f 1105/1562/849 1117/1578/859 1118/1579/860 1106/1563/850
f 1106/1564/444 1118/1580/462 1119/1581/463 1107/1565/445
f 1107/1565/442 1119/1581/460 1120/1582/461 1108/1566/443
f 1108/1567/851 1120/1583/861 1121/1584/862 1109/1568/852
f 1109/1568/852 1121/1584/862 1110/1569/853 1098/1553/843
f 1110/1585/853 1122/1586/863 1123/1587/864 1111/1588/854
f 1111/1570/854 1123/1589/864 1124/1590/865 1112/1571/855
f 1112/1572/453 1124/1591/471 1125/1592/472 1113/1573/454
f 1113/1573/451 1125/1592/469 1126/1593/470 1114/1574/452
f 1114/1594/856 1126/1595/866 1127/1596/867 1115/1597/857
f 1115/1597/857 1127/1596/867 1128/1598/868 1116/1599/858
f 1116/1599/858 1128/1598/868 1129/1600/869 1117/1601/859
f 1117/1601/859 1129/1600/869 1130/1602/870 1118/1603/860
f 1118/1580/462 1130/1604/480 1131/1605/481 1119/1581/463
f 1119/1581/460 1131/1605/478 1132/1606/479 1120/1582/461
f 1120/1607/861 1132/1608/871 1133/1609/872 1121/1610/862
f 1121/1610/862 1133/1609/872 1122/1586/863 1110/1585/853
f 1122/1586/863 1134/1611/873 1135/1612/874 1123/1587/864
f 1123/1587/864 1135/1612/874 1136/1613/875 1124/1614/865
f 1124/1591/471 1136/1615/489 1137/1616/490 1125/1592/472
f 1125/1592/469 1137/1616/487 1138/1617/488 1126/1593/470
f 1126/1595/866 1138/1618/876 1139/1619/877 1127/1596/867
f 1127/1596/867 1139/1619/877 1140/1620/878 1128/1598/868
f 1128/1598/868 1140/1620/878 1141/1621/879 1129/1600/869
f 1129/1600/869 1141/1621/879 1142/1622/880 1130/1602/870
f 1130/1604/480 1142/1623/498 1143/1624/499 1131/1605/481
f 1131/1605/478 1143/1624/496 1144/1625/497 1132/1606/479
f 1132/1608/871 1144/1626/881 1145/1627/882 1133/1609/872
f 1133/1609/872 1145/1627/882 1134/1611/873 1122/1586/863
f 1134/1611/873 1146/1628/883 1147/1629/884 1135/1612/874
f 1135/1612/874 1147/1629/884 1148/1630/885 1136/1613/875
f 1136/1615/489 1148/1631/507 1149/1632/508 1137/1616/490
f 1137/1616/487 1149/1632/505 1150/1633/506 1138/1617/488
f 1138/1618/876 1150/1634/886 1151/1635/887 1139/1619/877
f 1139/1619/877 1151/1635/887 1152/1636/888 1140/1620/878
f 1140/1620/878 1152/1636/888 1153/1637/889 1141/1621/879
f 1141/1621/879 1153/1637/889 1154/1638/890 1142/1622/880
f 1142/1623/498 1154/1639/516 1155/1640/517 1143/1624/499
f 1143/1624/496 1155/1640/514 1156/1641/515 1144/1625/497
f 1144/1626/881 1156/1642/891 1157/1643/892 1145/1627/882
f 1145/1627/882 1157/1643/892 1146/1628/883 1134/1611/873
f 1146/1628/883 1158/1644/893 1159/1645/894 1147/1629/884
f 1147/1629/884 1159/1645/894 1160/1646/895 1148/1630/885
f 1148/1631/507 1160/1647/525 1161/1648/526 1149/1632/508
f 1149/1632/505 1161/1648/523 1162/1649/524 1150/1633/506
f 1150/1634/886 1162/1650/896 1163/1651/897 1151/1635/887
f 1151/1635/887 1163/1651/897 1164/1652/898 1152/1636/888
f 1152/1636/888 1164/1652/898 1165/1653/899 1153/1637/889
f 1153/1637/889 1165/1653/899 1166/1654/900 1154/1638/890
f 1154/1639/516 1166/1655/534 1167/1656/535 1155/1640/517
f 1155/1640/514 1167/1656/532 1168/1657/533 1156/1641/515
f 1156/1642/891 1168/1658/901 1169/1659/902 1157/1643/892
f 1157/1643/892 1169/1659/902 1158/1644/893 1146/1628/883
f 1158/1644/893 1170/1660/903 1171/1661/904 1159/1645/894
f 1159/1645/894 1171/1661/904 1172/1662/905 1160/1646/895
f 1160/1647/525 1172/1663/543 1173/1664/544 1161/1648/526
f 1161/1648/523 1173/1664/541 1174/1665/542 1162/1649/524
f 1162/1650/896 1174/1666/906 1175/1667/907 1163/1651/897
f 1163/1651/897 1175/1667/907 1176/1668/908 1164/1652/898
f 1164/1652/898 1176/1668/908 1177/1669/909 1165/1653/899
f 1165/1653/899 1177/1669/909 1178/1670/910 1166/1654/900
f 1166/1655/534 1178/1671/552 1179/1672/553 1167/1656/535
f 1167/1656/532 1179/1672/550 1180/1673/551 1168/1657/533
f 1168/1658/901 1180/1674/911 1181/1675/912 1169/1659/902
f 1169/1659/902 1181/1675/912 1170/1660/903 1158/1644/893
f 1170/1660/903 1182/1676/913 1183/1677/914 1171/1661/904
f 1171/1661/904 1183/1677/914 1184/1678/915 1172/1662/905
f 1172/1663/543 1184/1679/561 1185/1680/562 1173/1664/544
f 1173/1664/541 1185/1680/559 1186/1681/560 1174/1665/542
f 1174/1666/906 1186/1682/916 1187/1683/917 1175/1667/907
f 1175/1667/907 1187/1683/917 1188/1684/918 1176/1668/908
f 1176/1668/908 1188/1684/918 1189/1685/919 1177/1669/909
f 1177/1669/909 1189/1685/919 1190/1686/920 1178/1670/910
f 1178/1671/552 1190/1687/570 1191/1688/571 1179/1672/553
f 1179/1672/550 1191/1688/568 1192/1689/569 1180/1673/551
f 1180/1674/911 1192/1690/921 1193/1691/922 1181/1675/912
f 1181/1675/912 1193/1691/922 1182/1676/913 1170/1660/903
f 1182/1676/913 1194/1692/923 1195/1693/924 1183/1677/914
f 1183/1677/914 1195/1693/924 1196/1694/925 1184/1678/915
f 1184/1679/561 1196/1695/579 1197/1696/580 1185/1680/562
f 1185/1680/559 1197/1696/577 1198/1697/578 1186/1681/560
f 1186/1682/916 1198/1698/926 1199/1699/927 1187/1683/917
f 1187/1683/917 1199/1699/927 1200/1700/928 1188/1684/918
f 1188/1684/918 1200/1700/928 1201/1701/929 1189/1685/919
f 1189/1685/919 1201/1701/929 1202/1702/930 1190/1686/920
f 1190/1687/570 1202/1703/588 1203/1704/589 1191/1688/571
f 1191/1688/568 1203/1704/586 1204/1705/587 1192/1689/569
f 1192/1690/921 1204/1706/931 1205/1707/932 1193/1691/922
f 1193/1691/922 1205/1707/932 1194/1692/923 1182/1676/913
f 1194/1692/923 1206/1708/599 1207/1709/933 1195/1693/924
f 1195/1693/924 1207/1709/933 1208/1710/597 1196/1694/925
f 1196/1695/579 1208/1711/596 1209/1712/596 1197/1696/580
f 1197/1696/577 1209/1712/595 1210/1713/595 1198/1697/578
f 1198/1698/926 1210/1714/594 1211/1715/934 1199/1699/927
f 1199/1699/927 1211/1715/934 1212/1716/592 1200/1700/928
f 1200/1700/928 1212/1716/592 1213/1717/935 1201/1701/929
f 1201/1701/929 1213/1717/935 1214/1718/604 1202/1702/930
f 1202/1703/588 1214/1719/603 1215/1720/603 1203/1704/589
f 1203/1704/586 1215/1720/602 1216/1721/602 1204/1705/587
f 1204/1706/931 1216/1722/601 1217/1723/936 1205/1707/932
f 1205/1707/932 1217/1723/936 1206/1708/599 1194/1692/923
f 1206/1708/623 1218/1724/937 1219/1725/938 1207/1709/939
f 1207/1709/939 1219/1725/938 1220/1726/940 1208/1710/618
f 1208/1711/615 1220/1727/941 1221/1728/617 1209/1712/615
f 1209/1712/612 1221/1728/613 1222/1729/614 1210/1713/612
f 1210/1714/611 1222/1730/942 1223/1731/943 1211/1715/944
f 1211/1715/944 1223/1731/943 1224/1732/945 1212/1716/606
f 1212/1716/606 1224/1732/945 1225/1733/946 1213/1717/947
f 1213/1717/947 1225/1733/946 1226/1734/948 1214/1718/634
f 1214/1719/631 1226/1735/632 1227/1736/949 1215/1720/631
f 1215/1720/628 1227/1736/629 1228/1737/630 1216/1721/628
f 1216/1722/627 1228/1738/950 1229/1739/951 1217/1723/952
f 1217/1723/952 1229/1739/951 1218/1724/937 1206/1708/623
f 1218/1724/937 1230/1740/953 1231/1741/954 1219/1725/938
f 1219/1725/938 1231/1741/954 1232/1742/955 1220/1726/940
f 1220/1727/941 1232/1743/643 1233/1744/644 1221/1728/617
f 1221/1728/613 1233/1744/641 1234/1745/642 1222/1729/614
f 1222/1730/942 1234/1746/956 1235/1747/957 1223/1731/943
f 1223/1731/943 1235/1747/957 1236/1748/958 1224/1732/945
f 1224/1732/945 1236/1748/958 1237/1749/959 1225/1733/946
f 1225/1733/946 1237/1749/959 1238/1750/960 1226/1734/948
f 1226/1735/632 1238/1751/652 1239/1752/653 1227/1736/949
f 1227/1736/629 1239/1752/650 1240/1753/651 1228/1737/630
f 1228/1738/950 1240/1754/961 1241/1755/962 1229/1739/951
f 1229/1739/951 1241/1755/962 1230/1740/953 1218/1724/937
f 1230/1740/953 1242/1756/963 1243/1757/964 1231/1741/954
f 1231/1741/954 1243/1757/964 1244/1758/965 1232/1742/955
f 1232/1743/643 1244/1759/661 1245/1760/662 1233/1744/644
f 1233/1744/641 1245/1760/659 1246/1761/660 1234/1745/642
f 1234/1746/956 1246/1762/966 1247/1763/967 1235/1747/957
f 1235/1747/957 1247/1763/967 1248/1764/968 1236/1748/958
f 1236/1748/958 1248/1764/968 1249/1765/969 1237/1749/959
f 1237/1749/959 1249/1765/969 1250/1766/970 1238/1750/960
f 1238/1751/652 1250/1767/670 1251/1768/671 1239/1752/653
f 1239/1752/650 1251/1768/668 1252/1769/669 1240/1753/651
f 1240/1754/961 1252/1770/971 1253/1771/972 1241/1755/962
f 1241/1755/962 1253/1771/972 1242/1756/963 1230/1740/953
f 1242/1756/963 1254/1772/973 1255/1773/974 1243/1757/964
f 1243/1757/964 1255/1773/974 1256/1774/975 1244/1758/965
f 1244/1759/661 1256/1775/679 1257/1776/680 1245/1760/662
f 1245/1760/659 1257/1776/677 1258/1777/678 1246/1761/660
f 1246/1762/966 1258/1778/976 1259/1779/977 1247/1763/967
f 1247/1763/967 1259/1779/977 1260/1780/978 1248/1764/968
f 1248/1764/968 1260/1780/978 1261/1781/979 1249/1765/969
f 1249/1765/969 1261/1781/979 1262/1782/980 1250/1766/970
f 1250/1767/670 1262/1783/688 1263/1784/689 1251/1768/671
f 1251/1768/668 1263/1784/686 1264/1785/687 1252/1769/669
f 1252/1770/971 1264/1786/981 1265/1787/982 1253/1771/972
f 1253/1771/972 1265/1787/982 1254/1772/973 1242/1756/963
f 1254/1772/973 1266/1788/983 1267/1789/984 1255/1773/974
f 1255/1773/974 1267/1789/984 1268/1790/985 1256/1774/975
f 1256/1775/679 1268/1791/697 1269/1792/698 1257/1776/680
f 1257/1776/677 1269/1792/695 1270/1793/696 1258/1777/678
f 1258/1778/976 1270/1794/986 1271/1795/987 1259/1779/977
f 1259/1779/977 1271/1795/987 1272/1796/988 1260/1780/978
f 1260/1780/978 1272/1796/988 1273/1797/989 1261/1781/979
f 1261/1781/979 1273/1797/989 1274/1798/990 1262/1782/980
f 1262/1783/688 1274/1799/706 1275/1800/707 1263/1784/689
f 1263/1784/686 1275/1800/704 1276/1801/705 1264/1785/687
f 1264/1786/981 1276/1802/991 1277/1803/992 1265/1787/982
f 1265/1787/982 1277/1803/992 1266/1788/983 1254/1772/973
f 1266/1788/983 1278/1804/993 1279/1805/994 1267/1789/984
f 1267/1789/984 1279/1805/994 1280/1806/995 1268/1790/985
f 1268/1791/697 1280/1807/996 1281/1808/716 1269/1792/698
f 1269/1792/695 1281/1808/713 1282/1809/714 1270/1793/696
f 1270/1794/986 1282/1810/997 1283/1811/998 1271/1795/987
f 1271/1795/987 1283/1811/998 1284/1812/999 1272/1796/988
f 1272/1796/988 1284/1812/999 1285/1813/1000 1273/1797/989
f 1273/1797/989 1285/1813/1000 1286/1814/1001 1274/1798/990
f 1274/1799/706 1286/1815/724 1287/1816/1002 1275/1800/707
f 1275/1800/704 1287/1816/722 1288/1817/723 1276/1801/705
f 1276/1802/991 1288/1818/1003 1289/1819/1004 1277/1803/992
f 1277/1803/992 1289/1819/1004 1278/1804/993 1266/1788/983
f 1278/1804/993 1290/1820/1005 1291/1821/1006 1279/1805/994
f 1279/1805/994 1291/1821/1006 1292/1822/1007 1280/1806/995
f 1280/1807/996 1292/1823/733 1293/1824/734 1281/1808/716
f 1281/1808/713 1293/1824/731 1294/1825/732 1282/1809/714
f 1282/1810/997 1294/1826/1008 1295/1827/1009 1283/1811/998
f 1283/1811/998 1295/1827/1009 1296/1828/1010 1284/1812/999
f 1284/1812/999 1296/1828/1010 1297/1829/1011 1285/1813/1000
f 1285/1813/1000 1297/1829/1011 1298/1830/1012 1286/1814/1001
f 1286/1815/724 1298/1831/742 1299/1832/743 1287/1816/1002
f 1287/1816/722 1299/1832/740 1300/1833/741 1288/1817/723
f 1288/1818/1003 1300/1834/1013 1301/1835/1014 1289/1819/1004
f 1289/1819/1004 1301/1835/1014 1290/1820/1005 1278/1804/993
f 1290/1836/1005 1302/1837/1015 1303/1838/1016 1291/1839/1006
f 1291/1839/1006 1303/1838/1016 1304/1840/1017 1292/1841/1007
f 1292/1823/733 1304/1842/751 1305/1843/752 1293/1824/734
f 1293/1824/731 1305/1843/749 1306/1844/750 1294/1825/732
f 1294/1826/1008 1306/1845/1018 1307/1846/1019 1295/1827/1009
f 1295/1827/1009 1307/1846/1019 1308/1847/1020 1296/1828/1010
f 1296/1828/1010 1308/1847/1020 1309/1848/1021 1297/1829/1011
f 1297/1849/1011 1309/1850/1021 1310/1851/1022 1298/1852/1012
f 1298/1831/742 1310/1853/760 1311/1854/761 1299/1832/743
f 1299/1832/740 1311/1854/758 1312/1855/759 1300/1833/741
f 1300/1834/1013 1312/1856/1023 1313/1857/1024 1301/1835/1014
f 1301/1835/1014 1313/1857/1024 1302/1858/1015 1290/1820/1005
f 1302/1837/1015 1314/1859/1025 1315/1860/1026 1303/1838/1016
f 1303/1838/1016 1315/1860/1026 1316/1861/1027 1304/1840/1017
f 1304/1842/751 1316/1862/769 1317/1863/770 1305/1843/752
f 1305/1843/749 1317/1863/767 1318/1864/768 1306/1844/750
f 1306/1865/1018 1318/1866/1028 1319/1867/1029 1307/1868/1019
f 1307/1868/1019 1319/1867/1029 1320/1869/1030 1308/1870/1020
f 1308/1870/1020 1320/1869/1030 1321/1871/1031 1309/1850/1021
f 1309/1850/1021 1321/1871/1031 1322/1872/1032 1310/1851/1022
f 1310/1853/760 1322/1873/778 1323/1874/779 1311/1854/761
f 1311/1854/758 1323/1874/776 1324/1875/777 1312/1855/759
f 1312/1876/1023 1324/1877/1033 1325/1878/1034 1313/1879/1024
f 1313/1879/1024 1325/1878/1034 1314/1859/1025 1302/1837/1015
f 1314/1859/1025 1326/1880/1035 1327/1881/1036 1315/1860/1026
f 1315/1860/1026 1327/1881/1036 1328/1882/1037 1316/1861/1027
f 1316/1862/769 1328/1883/787 1329/1884/788 1317/1863/770
f 1317/1863/767 1329/1884/785 1330/1885/786 1318/1864/768
f 1318/1866/1028 1330/1886/1038 1331/1887/1039 1319/1867/1029
f 1319/1867/1029 1331/1887/1039 1332/1888/1040 1320/1869/1030
f 1320/1869/1030 1332/1888/1040 1333/1889/1041 1321/1871/1031
f 1321/1871/1031 1333/1889/1041 1334/1890/1042 1322/1872/1032
f 1322/1873/778 1334/1891/796 1335/1892/797 1323/1874/779
f 1323/1874/776 1335/1892/794 1336/1893/795 1324/1875/777
f 1324/1877/1033 1336/1894/1043 1337/1895/1044 1325/1878/1034
f 1325/1878/1034 1337/1895/1044 1326/1880/1035 1314/1859/1025
f 1326/1880/1035 1338/1896/1045 1339/1897/1046 1327/1881/1036
f 1327/1881/1036 1339/1897/1046 1340/1898/1047 1328/1882/1037
f 1328/1883/787 1340/1899/1048 1341/1900/806 1329/1884/788
f 1329/1884/785 1341/1900/803 1342/1901/804 1330/1885/786
f 1330/1886/1038 1342/1902/1049 1343/1903/1050 1331/1887/1039
f 1331/1887/1039 1343/1903/1050 1344/1904/1051 1332/1888/1040
f 1332/1888/1040 1344/1904/1051 1345/1905/1052 1333/1889/1041
f 1333/1889/1041 1345/1905/1052 1346/1906/1053 1334/1890/1042
f 1334/1891/796 1346/1907/814 1347/1908/1054 1335/1892/797
f 1335/1892/794 1347/1908/812 1348/1909/813 1336/1893/795
f 1336/1894/1043 1348/1910/1055 1349/1911/1056 1337/1895/1044
f 1337/1895/1044 1349/1911/1056 1338/1896/1045 1326/1880/1035
f 1338/1896/1045 774/1098/220 775/1101/384 1339/1897/1046
f 1339/1897/1046 775/1101/384 776/1103/386 1340/1898/1047
f 1340/1899/1048 776/1104/387 777/1107/387 1341/1900/806
f 1341/1900/803 777/1107/390 778/1109/390 1342/1901/804
f 1342/1902/1049 778/1110/393 779/1113/396 1343/1903/1050
f 1343/1903/1050 779/1113/396 780/1115/203 1344/1904/1051
f 1344/1904/1051 780/1115/203 781/1117/399 1345/1905/1052
f 1345/1905/1052 781/1117/399 782/1119/401 1346/1906/1053
f 1346/1907/814 782/1120/402 783/1123/402 1347/1908/1054
f 1347/1908/812 783/1123/405 784/1125/405 1348/1909/813
f 1348/1910/1055 784/1126/408 785/1129/411 1349/1911/1056
f 1349/1911/1056 785/1129/411 774/1098/220 1338/1896/1045
f 1384/1/1057 1352/4/1058 1353/3/1058 1385/2/1057
f 1383/5/1059 1351/8/1060 1352/7/1060 1384/6/1059
f 1382/9/1061 1350/12/1062 1351/11/1062 1383/10/1061
f 1357/13/1063 1385/16/1064 1382/15/1065 1354/14/1066
f 1356/17/1067 1384/1/1057 1385/2/1057 1357/18/1068
f 1355/19/1069 1383/5/1059 1384/6/1059 1356/20/1070
f 1354/21/1071 1382/9/1061 1383/10/1061 1355/22/1071
f 1381/23/1072 1378/26/1072 1379/25/1072 1380/24/1072
f 1424/27/1073 1404/30/1073 1405/29/1073 1425/28/1073
f 1425/31/1074 1402/34/1075 1415/33/1076 1426/32/1077
f 1405/35/1078 1402/34/1075 1425/31/1074
f 1373/36/1079 1370/39/1079 1371/38/1079 1372/37/1079
f 1426/40/1080 1415/43/1081 1414/42/1082 1427/41/1083
f 1404/44/1084 1427/47/1085 1414/46/1086 1403/45/1087
f 1424/27/1088 1427/48/1088 1404/30/1088
f 1350/49/1089 1353/52/1089 1352/51/1089 1351/50/1089
f 1385/16/1064 1353/54/1090 1350/53/1090 1382/15/1065
f 1358/55/1091 1386/58/1092 1387/57/1092 1359/56/1091
f 1359/59/1093 1387/62/1094 1388/61/1094 1360/60/1093
f 1360/63/1095 1388/66/1096 1389/65/1096 1361/64/1095
f 1361/67/1097 1389/70/1098 1386/69/1098 1358/68/1097
f 1386/58/1092 1390/72/1099 1391/71/1099 1387/57/1092
f 1387/62/1094 1391/74/1100 1392/73/1100 1388/61/1094
f 1388/66/1096 1392/76/1101 1393/75/1101 1389/65/1096
f 1389/70/1098 1393/78/1102 1390/77/1102 1386/69/1098
f 1390/72/1099 1354/21/1071 1355/22/1071 1391/71/1099
f 1391/74/1100 1355/19/1069 1356/20/1070 1392/73/1100
f 1392/76/1101 1356/17/1067 1357/18/1068 1393/75/1101
f 1393/78/1102 1357/13/1063 1354/14/1066 1390/77/1102
f 1362/79/1103 1394/82/1104 1395/81/1104 1363/80/1105
f 1363/83/1106 1395/86/1107 1396/85/1107 1364/84/1108
f 1364/87/1109 1396/90/1110 1397/89/1110 1365/88/1111
f 1365/91/1112 1397/94/1113 1394/93/1114 1362/92/1115
f 1394/82/1104 1398/96/1116 1399/95/1116 1395/81/1104
f 1395/86/1107 1399/98/1117 1400/97/1117 1396/85/1107
f 1396/90/1110 1400/100/1118 1401/99/1118 1397/89/1110
f 1397/94/1113 1401/102/1119 1398/101/1120 1394/93/1114
f 1398/96/1116 1358/55/1091 1359/56/1091 1399/95/1116
f 1399/98/1117 1359/59/1093 1360/60/1093 1400/97/1117
f 1400/100/1118 1360/63/1095 1361/64/1095 1401/99/1118
f 1401/102/1119 1361/67/1097 1358/68/1097 1398/101/1120
f 1402/103/1121 1406/106/1122 1407/105/1123 1403/104/1121
f 1403/45/1087 1407/108/1124 1408/107/1125 1404/44/1084
f 1404/109/1126 1408/112/1127 1409/111/1127 1405/110/1126
f 1405/35/1078 1409/114/1128 1406/113/1129 1402/34/1075
f 1406/115/1122 1410/118/1130 1411/117/1131 1407/116/1123
f 1407/108/1124 1411/120/1132 1412/119/1133 1408/107/1125
f 1408/112/1127 1412/122/1134 1413/121/1135 1409/111/1127
f 1409/114/1128 1413/124/1136 1410/123/1137 1406/113/1129
f 1410/125/1130 1362/79/1103 1363/80/1105 1411/126/1131
f 1411/120/1132 1363/83/1106 1364/84/1108 1412/119/1133
f 1412/122/1134 1364/87/1109 1365/88/1111 1413/121/1135
f 1413/124/1136 1365/91/1112 1362/92/1115 1410/123/1137
f 1366/127/1138 1402/103/1139 1403/104/1139 1367/128/1140
f 1367/129/1141 1403/45/1087 1414/46/1086 1368/130/1142
f 1368/131/1143 1414/134/1082 1415/133/1081 1369/132/1144
f 1369/135/1145 1415/33/1076 1402/34/1075 1366/136/1146
f 1370/39/1147 1416/138/1148 1417/137/1148 1371/38/1147
f 1371/139/1149 1417/142/1150 1418/141/1150 1372/140/1149
f 1372/143/1151 1418/146/1151 1419/145/1151 1373/144/1151
f 1373/147/1152 1419/150/1152 1416/149/1153 1370/148/1152
f 1416/138/1148 1420/152/1154 1421/151/1155 1417/137/1148
f 1417/142/1150 1421/154/1156 1422/153/1157 1418/141/1150
f 1418/146/1151 1422/156/1158 1423/155/1158 1419/145/1151
f 1419/150/1152 1423/158/1159 1420/157/1160 1416/149/1153
f 1420/152/1154 1366/127/1138 1367/128/1140 1421/151/1155
f 1421/154/1156 1367/129/1141 1368/130/1142 1422/153/1157
f 1422/156/1158 1368/131/1143 1369/132/1144 1423/155/1158
f 1423/158/1159 1369/135/1145 1366/136/1146 1420/157/1160
f 1374/159/1161 1424/162/1162 1425/161/1162 1375/160/1163
f 1375/163/1164 1425/31/1074 1426/32/1077 1376/164/1165
f 1376/165/1166 1426/40/1080 1427/41/1083 1377/166/1167
f 1377/167/1168 1427/170/1169 1424/169/1169 1374/168/1170
f 1428/171/1171 1374/159/1161 1375/160/1163 1429/172/1172
f 1429/173/1173 1375/163/1164 1376/164/1165 1430/174/1174
f 1430/175/1175 1376/165/1166 1377/166/1167 1431/176/1176
f 1431/177/1177 1377/167/1168 1374/168/1170 1428/178/1178
f 1432/179/1179 1428/171/1171 1429/172/1172 1433/180/1179
f 1433/181/1180 1429/173/1173 1430/174/1174 1434/182/1180
f 1434/183/1181 1430/175/1175 1431/176/1176 1435/184/1181
f 1435/185/1182 1431/177/1177 1428/178/1178 1432/186/1182
f 1378/187/1179 1432/179/1179 1433/180/1179 1379/188/1179
f 1379/189/1180 1433/181/1180 1434/182/1180 1380/190/1180
f 1380/191/1181 1434/183/1181 1435/184/1181 1381/192/1181
f 1381/193/1182 1435/185/1182 1432/186/1182 1378/194/1182
f 247/195/193 1586/198/191 1437/197/190 88/196/192
f 1586/198/191 1587/200/188 1439/199/187 1437/197/190
f 1587/200/188 1588/202/186 1441/201/185 1439/199/187
f 1588/202/186 1589/204/184 1443/203/183 1441/201/185
f 1589/204/184 1590/206/182 1445/205/181 1443/203/183
f 1590/206/182 1591/208/180 1447/207/179 1445/205/181
f 1591/209/180 1592/212/178 1449/211/177 1447/210/179
f 1592/212/178 1593/214/176 1451/213/176 1449/211/177
f 1593/214/176 1594/216/175 1453/215/174 1451/213/176
f 1594/216/175 1595/218/173 1455/217/172 1453/215/174
f 1595/218/173 1596/220/171 1457/219/170 1455/217/172
f 1596/221/171 1597/224/169 1459/223/168 1457/222/170
f 1597/224/169 1598/226/167 1461/225/166 1459/223/168
f 1598/226/167 1599/228/165 1463/227/164 1461/225/166
f 1599/228/165 1600/230/163 1465/229/162 1463/227/164
f 1600/230/163 263/232/160 120/231/161 1465/229/162
f 263/232/159 1601/234/157 1467/233/156 120/231/158
f 1601/234/157 1602/236/155 1469/235/154 1467/233/156
f 1602/236/155 1603/238/153 1471/237/152 1469/235/154
f 1603/238/153 1604/240/151 1473/239/150 1471/237/152
f 1604/240/151 1605/242/149 1475/241/148 1473/239/150
f 1605/243/149 1606/246/147 1477/245/146 1475/244/148
f 1606/246/147 1607/248/145 1479/247/144 1477/245/146
f 1607/248/145 1608/250/143 1481/249/143 1479/247/144
f 1608/250/143 1609/252/142 1483/251/141 1481/249/143
f 1609/252/142 1610/254/140 1485/253/139 1483/251/141
f 1610/255/140 1611/258/138 1487/257/137 1485/256/139
f 1611/258/138 1612/260/136 1489/259/135 1487/257/137
f 1612/260/136 1613/262/134 1491/261/133 1489/259/135
f 1613/262/134 1614/264/132 1493/263/131 1491/261/133
f 1437/265/189 1439/296/189 1441/295/189 1443/294/189 1445/293/189 1447/292/189 1449/291/189 1451/290/189 1453/289/189 1455/288/189 1457/287/189 1459/286/189 1461/285/189 1463/284/189 1465/283/189 120/282/189 1467/281/189 1469/280/189 1471/279/189 1473/278/189 1475/277/189 1477/276/189 1479/275/189 1481/274/189 1483/273/189 1485/272/189 1487/271/189 1489/270/189 1491/269/189 1493/268/189 1495/267/189 88/266/189
f 1614/264/132 1615/298/130 1495/297/129 1493/263/131
f 1615/298/130 247/195/127 88/196/128 1495/297/129
f 87/299/194 1494/330/194 1492/329/194 1490/328/194 1488/327/194 1486/326/194 1484/325/194 1482/324/194 1480/323/194 1478/322/194 1476/321/194 1474/320/194 1472/319/194 1470/318/194 1468/317/194 1466/316/194 119/315/194 1464/314/194 1462/313/194 1460/312/194 1458/311/194 1456/310/194 1454/309/194 1452/308/194 1450/307/194 1448/306/194 1446/305/194 1444/304/194 1442/303/194 1440/302/194 1438/301/194 1436/300/194
f 1494/331/227 87/334/228 151/333/228 1525/332/227
f 1492/335/226 1494/331/227 1525/332/227 1524/336/226
f 1490/337/225 1492/335/226 1524/336/226 1523/338/225
f 1488/339/224 1490/337/225 1523/338/225 1522/340/224
f 1486/341/223 1488/339/224 1522/340/224 1521/342/223
f 1484/343/222 1486/346/223 1521/345/223 1520/344/222
f 1482/347/221 1484/343/222 1520/344/222 1519/348/221
f 1480/349/220 1482/347/221 1519/348/221 1518/350/220
f 1478/351/219 1480/349/220 1518/350/220 1517/352/219
f 1476/353/218 1478/351/219 1517/352/219 1516/354/218
f 1474/355/217 1476/353/218 1516/354/218 1515/356/217
f 1472/357/216 1474/360/217 1515/359/217 1514/358/216
f 1470/361/215 1472/357/216 1514/358/216 1513/362/215
f 1468/363/214 1470/361/215 1513/362/215 1512/364/214
f 1466/365/212 1468/363/214 1512/364/214 1511/366/212
f 119/367/213 1466/365/212 1511/366/212 167/368/213
f 1464/369/210 119/367/211 167/368/211 1510/370/210
f 1462/371/209 1464/369/210 1510/370/210 1509/372/209
f 1460/373/208 1462/371/209 1509/372/209 1508/374/208
f 1458/375/207 1460/373/208 1508/374/208 1507/376/207
f 1456/377/206 1458/375/207 1507/376/207 1506/378/206
f 1454/379/205 1456/382/206 1506/381/206 1505/380/205
f 1452/383/204 1454/379/205 1505/380/205 1504/384/204
f 1450/385/203 1452/383/204 1504/384/204 1503/386/203
f 1448/387/202 1450/385/203 1503/386/203 1502/388/202
f 1446/389/201 1448/387/202 1502/388/202 1501/390/201
f 1444/391/200 1446/389/201 1501/390/201 1500/392/200
f 1442/393/199 1444/396/200 1500/395/200 1499/394/199
f 1440/397/198 1442/393/199 1499/394/199 1498/398/198
f 1438/399/197 1440/397/198 1498/398/198 1497/400/197
f 1436/401/195 1438/399/197 1497/400/197 1496/402/195
f 87/334/196 1436/401/195 1496/402/195 151/333/196
f 1525/332/227 151/333/228 183/404/228 1555/403/227
f 1524/336/226 1525/332/227 1555/403/227 1554/405/226
f 1523/338/225 1524/336/226 1554/405/226 1553/406/225
f 1522/340/224 1523/338/225 1553/406/225 1552/407/224
f 1521/342/223 1522/340/224 1552/407/224 1551/408/223
f 1520/344/222 1521/345/223 1551/410/223 1550/409/222
f 1519/348/221 1520/344/222 1550/409/222 1549/411/221
f 1518/350/220 1519/348/221 1549/411/221 1548/412/220
f 1517/352/219 1518/350/220 1548/412/220 1547/413/219
f 1516/354/218 1517/352/219 1547/413/219 1546/414/218
f 1515/356/217 1516/354/218 1546/414/218 1545/415/217
f 1514/358/216 1515/359/217 1545/417/217 1544/416/216
f 1513/362/215 1514/358/216 1544/416/216 1543/418/215
f 1512/364/214 1513/362/215 1543/418/215 1542/419/214
f 1511/366/212 1512/364/214 1542/419/214 1541/420/212
f 167/368/213 1511/366/212 1541/420/212 199/421/213
f 1510/370/210 167/368/211 199/421/211 1540/422/210
f 1509/372/209 1510/370/210 1540/422/210 1539/423/209
f 1508/374/208 1509/372/209 1539/423/209 1538/424/208
f 1507/376/207 1508/374/208 1538/424/208 1537/425/207
f 1506/378/206 1507/376/207 1537/425/207 1536/426/206
f 1505/380/205 1506/381/206 1536/428/206 1535/427/205
f 1504/384/204 1505/380/205 1535/427/205 1534/429/204
f 1503/386/203 1504/384/204 1534/429/204 1533/430/203
f 1502/388/202 1503/386/203 1533/430/203 1532/431/202
f 1501/390/201 1502/388/202 1532/431/202 1531/432/201
f 1500/392/200 1501/390/201 1531/432/201 1530/433/200
f 1499/394/199 1500/395/200 1530/435/200 1529/434/199
f 1498/398/198 1499/394/199 1529/434/199 1528/436/198
f 1497/400/197 1498/398/198 1528/436/198 1527/437/197
f 1496/402/195 1497/400/197 1527/437/197 1526/438/195
f 151/333/196 1496/402/195 1526/438/195 183/404/196
f 1555/403/227 183/404/228 215/440/228 1585/439/227
f 1554/405/226 1555/403/227 1585/439/227 1584/441/226
f 1553/406/225 1554/405/226 1584/441/226 1583/442/225
f 1552/407/224 1553/406/225 1583/442/225 1582/443/224
f 1551/408/223 1552/407/224 1582/443/224 1581/444/223
f 1550/409/222 1551/410/223 1581/446/223 1580/445/222
f 1549/411/221 1550/409/222 1580/445/222 1579/447/221
f 1548/412/220 1549/411/221 1579/447/221 1578/448/220
f 1547/413/219 1548/412/220 1578/448/220 1577/449/219
f 1546/414/218 1547/413/219 1577/449/219 1576/450/218
f 1545/415/217 1546/414/218 1576/450/218 1575/451/217
f 1544/416/216 1545/417/217 1575/453/217 1574/452/216
f 1543/418/215 1544/416/216 1574/452/216 1573/454/215
f 1542/419/214 1543/418/215 1573/454/215 1572/455/214
f 1541/420/212 1542/419/214 1572/455/214 1571/456/212
f 199/421/213 1541/420/212 1571/456/212 231/457/213
f 1540/422/210 199/421/211 231/457/211 1570/458/210
f 1539/423/209 1540/422/210 1570/458/210 1569/459/209
f 1538/424/208 1539/423/209 1569/459/209 1568/460/208
f 1537/425/207 1538/424/208 1568/460/208 1567/461/207
f 1536/426/206 1537/425/207 1567/461/207 1566/462/206
f 1535/427/205 1536/428/206 1566/464/206 1565/463/205
f 1534/429/204 1535/427/205 1565/463/205 1564/465/204
f 1533/430/203 1534/429/204 1564/465/204 1563/466/203
f 1532/431/202 1533/430/203 1563/466/203 1562/467/202
f 1531/432/201 1532/431/202 1562/467/202 1561/468/201
f 1530/433/200 1531/432/201 1561/468/201 1560/469/200
f 1529/434/199 1530/435/200 1560/471/200 1559/470/199
f 1528/436/198 1529/434/199 1559/470/199 1558/472/198
f 1527/437/197 1528/436/198 1558/472/198 1557/473/197
f 1526/438/195 1527/437/197 1557/473/197 1556/474/195
f 183/404/196 1526/438/195 1556/474/195 215/440/196
f 1585/439/227 215/440/228 247/195/127 1615/298/130
f 1584/441/226 1585/439/227 1615/298/130 1614/264/132
f 1583/442/225 1584/441/226 1614/264/132 1613/262/134
f 1582/443/224 1583/442/225 1613/262/134 1612/260/136
f 1581/444/223 1582/443/224 1612/260/136 1611/258/138
f 1580/445/222 1581/446/223 1611/475/138 1610/254/140
f 1579/447/221 1580/445/222 1610/254/140 1609/252/142
f 1578/448/220 1579/447/221 1609/252/142 1608/250/220
f 1577/449/219 1578/448/220 1608/250/220 1607/248/145
f 1576/450/218 1577/449/219 1607/248/145 1606/246/147
f 1575/451/217 1576/450/218 1606/246/147 1605/243/149
f 1574/452/216 1575/453/217 1605/242/149 1604/240/151
f 1573/454/215 1574/452/216 1604/240/151 1603/238/153
f 1572/455/214 1573/454/215 1603/238/153 1602/236/155
f 1571/456/212 1572/455/214 1602/236/155 1601/234/157
f 231/457/213 1571/456/212 1601/234/157 263/232/159
f 1570/458/210 231/457/211 263/232/160 1600/230/163
f 1569/459/209 1570/458/210 1600/230/163 1599/228/165
f 1568/460/208 1569/459/209 1599/228/165 1598/226/167
f 1567/461/207 1568/460/208 1598/226/167 1597/224/169
f 1566/462/206 1567/461/207 1597/224/169 1596/221/171
f 1565/463/205 1566/464/206 1596/220/171 1595/218/173
f 1564/465/204 1565/463/205 1595/218/173 1594/216/175
f 1563/466/203 1564/465/204 1594/216/175 1593/214/203
f 1562/467/202 1563/466/203 1593/214/203 1592/212/178
f 1561/468/201 1562/467/202 1592/212/178 1591/209/180
f 1560/469/200 1561/468/201 1591/209/180 1590/476/182
f 1559/470/199 1560/471/200 1590/206/182 1589/204/184
f 1558/472/198 1559/470/199 1589/204/184 1588/202/186
f 1557/473/197 1558/472/198 1588/202/186 1587/200/188
f 1556/474/195 1557/473/197 1587/200/188 1586/198/191
f 215/440/196 1556/474/195 1586/198/191 247/195/193
f 1880/477/323 1881/480/381 1619/479/380 1617/478/323
f 1881/480/381 1882/482/379 1621/481/378 1619/479/380
f 1882/482/379 1883/484/377 1623/483/376 1621/481/378
f 1883/484/377 1884/486/375 1625/485/374 1623/483/376
f 1884/487/375 1885/490/373 1627/489/372 1625/488/374
f 1885/490/373 1886/492/371 1629/491/370 1627/489/372
f 1886/492/371 1887/494/369 1631/493/368 1629/491/370
f 1887/494/369 1888/496/367 1633/495/367 1631/493/368
f 1888/496/367 1889/498/366 1635/497/365 1633/495/367
f 1889/498/366 1890/500/364 1637/499/363 1635/497/365
f 1890/500/364 1891/502/362 1639/501/361 1637/499/363
f 1891/503/362 1892/506/360 1641/505/359 1639/504/361
f 1892/506/360 1893/508/358 1643/507/357 1641/505/359
f 1893/508/358 1894/510/356 1645/509/355 1643/507/357
f 1894/510/356 1895/512/354 1647/511/353 1645/509/355
f 1895/512/354 1896/514/352 1649/513/352 1647/511/353
f 1896/514/352 1897/516/351 1651/515/350 1649/513/352
f 1897/516/351 1898/518/349 1653/517/348 1651/515/350
f 1898/518/349 1899/520/347 1655/519/346 1653/517/348
f 1899/520/347 1900/522/345 1657/521/344 1655/519/346
f 1900/523/345 1901/526/343 1659/525/342 1657/524/344
f 1901/526/343 1902/528/341 1661/527/340 1659/525/342
f 1902/528/341 1903/530/339 1663/529/338 1661/527/340
f 1903/530/339 1904/532/337 1665/531/337 1663/529/338
f 1904/532/337 1905/534/336 1667/533/335 1665/531/337
f 1905/534/336 1906/536/334 1669/535/333 1667/533/335
f 1906/536/334 1907/538/330 1671/537/329 1669/535/333
f 1907/539/330 1908/542/331 1673/541/332 1671/540/329
f 1912/543/1183 1909/546/327 1675/545/326 1809/544/1183
f 1909/546/327 1910/548/325 1677/547/324 1675/545/326
f 1619/549/203 1621/581/203 1623/580/203 1625/579/203 1627/578/203 1629/577/203 1631/576/203 1633/575/203 1635/574/203 1637/573/203 1639/572/203 1641/571/203 1643/570/203 1645/569/203 1647/568/203 1649/567/203 1651/566/203 1653/565/203 1655/564/203 1657/563/203 1659/562/203 1661/561/203 1663/560/203 1665/559/203 1667/558/203 1669/557/203 1671/556/203 1673/555/203 1809/554/203 1675/553/203 1677/552/203 1679/551/203 1617/550/203
f 1910/548/325 1911/583/322 1679/582/321 1677/547/324
f 1911/583/322 1880/477/323 1617/478/323 1679/582/321
f 1616/584/220 1678/616/220 1676/615/220 1674/614/220 1808/613/220 1672/612/220 1670/611/220 1668/610/220 1666/609/220 1664/608/220 1662/607/220 1660/606/220 1658/605/220 1656/604/220 1654/603/220 1652/602/220 1650/601/220 1648/600/220 1646/599/220 1644/598/220 1642/597/220 1640/596/220 1638/595/220 1636/594/220 1634/593/220 1632/592/220 1630/591/220 1628/590/220 1626/589/220 1624/588/220 1622/587/220 1620/586/220 1618/585/220
f 1943/617/290 1944/620/291 343/619/291 374/618/290
f 1942/621/292 1943/617/290 374/618/290 373/622/292
f 1941/623/293 1942/621/292 373/622/292 372/624/293
f 1945/625/294 1941/623/293 372/624/293 505/626/294
f 1939/627/295 1940/630/296 371/629/296 370/628/295
f 1938/631/297 1939/634/295 370/633/295 369/632/297
f 1937/635/298 1938/631/297 369/632/297 368/636/298
f 1936/637/189 1937/635/298 368/636/298 367/638/189
f 1935/639/299 1936/637/189 367/638/189 366/640/299
f 1934/641/300 1935/639/299 366/640/299 365/642/300
f 1933/643/301 1934/641/300 365/642/300 364/644/301
f 1932/645/302 1933/643/301 364/644/301 363/646/302
f 1931/647/303 1932/650/302 363/649/302 362/648/303
f 1930/651/304 1931/647/303 362/648/303 361/652/304
f 1929/653/305 1930/651/304 361/652/304 360/654/305
f 1928/655/306 1929/653/305 360/654/305 359/656/306
f 1927/657/307 1928/655/306 359/656/306 358/658/307
f 1926/659/308 1927/657/307 358/658/307 357/660/308
f 1925/661/309 1926/659/308 357/660/308 356/662/309
f 1924/663/310 1925/661/309 356/662/309 355/664/310
f 1923/665/311 1924/663/310 355/664/310 354/666/311
f 1922/667/312 1923/670/311 354/669/311 353/668/312
f 1921/671/313 1922/667/312 353/668/312 352/672/313
f 1920/673/194 1921/671/313 352/672/313 351/674/194
f 1919/675/314 1920/673/194 351/674/194 350/676/314
f 1918/677/315 1919/675/314 350/676/314 349/678/315
f 1917/679/316 1918/677/315 349/678/315 348/680/316
f 1916/681/317 1917/679/316 348/680/316 347/682/317
f 1915/683/318 1916/686/317 347/685/317 346/684/318
f 1914/687/319 1915/683/318 346/684/318 345/688/319
f 1913/689/320 1914/687/319 345/688/319 344/690/320
f 1944/620/291 1913/689/320 344/690/320 343/619/291
f 1742/691/290 1743/694/291 1680/693/291 1711/692/290
f 1741/695/292 1742/691/290 1711/692/290 1710/696/292
f 1740/697/293 1741/695/292 1710/696/292 1709/698/293
f 1811/699/294 1740/697/293 1709/698/293 1810/700/294
f 1738/701/295 1739/704/296 1708/703/296 1707/702/295
f 1737/705/297 1738/708/295 1707/707/295 1706/706/297
f 1736/709/298 1737/705/297 1706/706/297 1705/710/298
f 1735/711/189 1736/709/298 1705/710/298 1704/712/189
f 1734/713/299 1735/711/189 1704/712/189 1703/714/299
f 1733/715/300 1734/713/299 1703/714/299 1702/716/300
f 1732/717/301 1733/715/300 1702/716/300 1701/718/301
f 1731/719/302 1732/717/301 1701/718/301 1700/720/302
f 1730/721/303 1731/724/302 1700/723/302 1699/722/303
f 1729/725/304 1730/721/303 1699/722/303 1698/726/304
f 1728/727/305 1729/725/304 1698/726/304 1697/728/305
f 1727/729/306 1728/727/305 1697/728/305 1696/730/306
f 1726/731/307 1727/729/306 1696/730/306 1695/732/307
f 1725/733/308 1726/731/307 1695/732/307 1694/734/308
f 1724/735/309 1725/733/308 1694/734/308 1693/736/309
f 1723/737/310 1724/735/309 1693/736/309 1692/738/310
f 1722/739/311 1723/737/310 1692/738/310 1691/740/311
f 1721/741/312 1722/744/311 1691/743/311 1690/742/312
f 1720/745/313 1721/741/312 1690/742/312 1689/746/313
f 1719/747/194 1720/745/313 1689/746/313 1688/748/194
f 1718/749/314 1719/747/194 1688/748/194 1687/750/314
f 1717/751/315 1718/749/314 1687/750/314 1686/752/315
f 1716/753/316 1717/751/315 1686/752/315 1685/754/316
f 1715/755/317 1716/753/316 1685/754/316 1684/756/317
f 1714/757/318 1715/760/317 1684/759/317 1683/758/318
f 1713/761/319 1714/757/318 1683/758/318 1682/762/319
f 1712/763/320 1713/761/319 1682/762/319 1681/764/320
f 1743/694/291 1712/763/320 1681/764/320 1680/693/291
f 1776/765/291 1777/766/320 1712/763/320 1743/694/291
f 1777/766/320 1778/767/319 1713/761/319 1712/763/320
f 1778/767/319 1779/768/318 1714/757/318 1713/761/319
f 1779/768/318 1780/769/317 1715/760/317 1714/757/318
f 1780/770/317 1781/771/316 1716/753/316 1715/755/317
f 1781/771/316 1782/772/315 1717/751/315 1716/753/316
f 1782/772/315 1783/773/314 1718/749/314 1717/751/315
f 1783/773/314 1784/774/194 1719/747/194 1718/749/314
f 1784/774/194 1785/775/313 1720/745/313 1719/747/194
f 1785/775/313 1786/776/312 1721/741/312 1720/745/313
f 1786/776/312 1787/777/311 1722/744/311 1721/741/312
f 1787/778/311 1788/779/310 1723/737/310 1722/739/311
f 1788/779/310 1789/780/309 1724/735/309 1723/737/310
f 1789/780/309 1790/781/308 1725/733/308 1724/735/309
f 1790/781/308 1791/782/307 1726/731/307 1725/733/308
f 1791/782/307 1792/783/306 1727/729/306 1726/731/307
f 1792/783/306 1793/784/305 1728/727/305 1727/729/306
f 1793/784/305 1794/785/304 1729/725/304 1728/727/305
f 1794/785/304 1795/786/303 1730/721/303 1729/725/304
f 1795/786/303 1796/787/302 1731/724/302 1730/721/303
f 1796/788/302 1797/789/301 1732/717/301 1731/719/302
f 1797/789/301 1798/790/300 1733/715/300 1732/717/301
f 1798/790/300 1799/791/299 1734/713/299 1733/715/300
f 1799/791/299 1800/792/189 1735/711/189 1734/713/299
f 1800/792/189 1801/793/298 1736/709/298 1735/711/189
f 1801/793/298 1802/794/297 1737/705/297 1736/709/298
f 1802/794/297 1803/795/295 1738/708/295 1737/705/297
f 1803/796/295 1804/797/296 1739/704/296 1738/701/295
f 1813/798/294 1805/799/293 1740/697/293 1811/699/294
f 1805/799/293 1806/800/292 1741/695/292 1740/697/293
f 1806/800/292 1807/801/290 1742/691/290 1741/695/292
f 1807/801/290 1776/765/291 1743/694/291 1742/691/290
f 374/618/290 343/619/291 1775/803/291 1774/802/290
f 373/622/292 374/618/290 1774/802/290 1773/804/292
f 372/624/293 373/622/292 1773/804/292 1772/805/293
f 505/626/294 372/624/293 1772/805/293 1812/806/294
f 370/628/295 371/629/296 1771/808/296 1770/807/295
f 369/632/297 370/633/295 1770/810/295 1769/809/297
f 368/636/298 369/632/297 1769/809/297 1768/811/298
f 367/638/189 368/636/298 1768/811/298 1767/812/189
f 366/640/299 367/638/189 1767/812/189 1766/813/299
f 365/642/300 366/640/299 1766/813/299 1765/814/300
f 364/644/301 365/642/300 1765/814/300 1764/815/301
f 363/646/302 364/644/301 1764/815/301 1763/816/302
f 362/648/303 363/649/302 1763/818/302 1762/817/303
f 361/652/304 362/648/303 1762/817/303 1761/819/304
f 360/654/305 361/652/304 1761/819/304 1760/820/305
f 359/656/306 360/654/305 1760/820/305 1759/821/306
f 358/658/307 359/656/306 1759/821/306 1758/822/307
f 357/660/308 358/658/307 1758/822/307 1757/823/308
f 356/662/309 357/660/308 1757/823/308 1756/824/309
f 355/664/310 356/662/309 1756/824/309 1755/825/310
f 354/666/311 355/664/310 1755/825/310 1754/826/311
f 353/668/312 354/669/311 1754/828/311 1753/827/312
f 352/672/313 353/668/312 1753/827/312 1752/829/313
f 351/674/194 352/672/313 1752/829/313 1751/830/194
f 350/676/314 351/674/194 1751/830/194 1750/831/314
f 349/678/315 350/676/314 1750/831/314 1749/832/315
f 348/680/316 349/678/315 1749/832/315 1748/833/316
f 347/682/317 348/680/316 1748/833/316 1747/834/317
f 346/684/318 347/685/317 1747/836/317 1746/835/318
f 345/688/319 346/684/318 1746/835/318 1745/837/319
f 344/690/320 345/688/319 1745/837/319 1744/838/320
f 343/619/291 344/690/320 1744/838/320 1775/803/291
f 1774/802/290 1775/803/291 1776/765/291 1807/801/290
f 1773/804/292 1774/802/290 1807/801/290 1806/800/292
f 1772/805/293 1773/804/292 1806/800/292 1805/799/293
f 1812/806/294 1772/805/293 1805/799/293 1813/798/294
f 1770/807/295 1771/808/296 1804/797/296 1803/796/295
f 1769/809/297 1770/810/295 1803/795/295 1802/794/297
f 1768/811/298 1769/809/297 1802/794/297 1801/793/298
f 1767/812/189 1768/811/298 1801/793/298 1800/792/189
f 1766/813/299 1767/812/189 1800/792/189 1799/791/299
f 1765/814/300 1766/813/299 1799/791/299 1798/790/300
f 1764/815/301 1765/814/300 1798/790/300 1797/789/301
f 1763/816/302 1764/815/301 1797/789/301 1796/788/302
f 1762/817/303 1763/818/302 1796/787/302 1795/786/303
f 1761/819/304 1762/817/303 1795/786/303 1794/785/304
f 1760/820/305 1761/819/304 1794/785/304 1793/784/305
f 1759/821/306 1760/820/305 1793/784/305 1792/783/306
f 1758/822/307 1759/821/306 1792/783/306 1791/782/307
f 1757/823/308 1758/822/307 1791/782/307 1790/781/308
f 1756/824/309 1757/823/308 1790/781/308 1789/780/309
f 1755/825/310 1756/824/309 1789/780/309 1788/779/310
f 1754/826/311 1755/825/310 1788/779/310 1787/778/311
f 1753/827/312 1754/828/311 1787/777/311 1786/776/312
f 1752/829/313 1753/827/312 1786/776/312 1785/775/313
f 1751/830/194 1752/829/313 1785/775/313 1784/774/194
f 1750/831/314 1751/830/194 1784/774/194 1783/773/314
f 1749/832/315 1750/831/314 1783/773/314 1782/772/315
f 1748/833/316 1749/832/315 1782/772/315 1781/771/316
f 1747/834/317 1748/833/316 1781/771/316 1780/770/317
f 1746/835/318 1747/836/317 1780/769/317 1779/768/318
f 1745/837/319 1746/835/318 1779/768/318 1778/767/319
f 1744/838/320 1745/837/319 1778/767/319 1777/766/320
f 1775/803/291 1744/838/320 1777/766/320 1776/765/291
f 1771/808/296 1812/806/294 1813/798/294 1804/797/296
f 371/629/296 505/626/294 1812/806/294 1771/808/296
f 1804/797/296 1813/798/294 1811/699/294 1739/704/296
f 1739/704/296 1811/699/294 1810/700/294 1708/703/296
f 1940/630/296 1945/625/294 505/626/294 371/629/296
f 1908/542/331 1912/543/1183 1809/544/1183 1673/541/332
f 1708/703/296 1810/700/294 1846/840/294 1842/839/296
f 1711/692/290 1680/693/291 1814/842/291 1845/841/290
f 1710/696/292 1711/692/290 1845/841/290 1844/843/292
f 1709/698/293 1710/696/292 1844/843/292 1843/844/293
f 1810/700/294 1709/698/293 1843/844/293 1846/840/294
f 1707/702/295 1708/703/296 1842/839/296 1841/845/295
f 1706/706/297 1707/707/295 1841/847/295 1840/846/297
f 1705/710/298 1706/706/297 1840/846/297 1839/848/298
f 1704/712/189 1705/710/298 1839/848/298 1838/849/189
f 1703/714/299 1704/712/189 1838/849/189 1837/850/299
f 1702/716/300 1703/714/299 1837/850/299 1836/851/300
f 1701/718/301 1702/716/300 1836/851/300 1835/852/301
f 1700/720/302 1701/718/301 1835/852/301 1834/853/302
f 1699/722/303 1700/723/302 1834/855/302 1833/854/303
f 1698/726/304 1699/722/303 1833/854/303 1832/856/304
f 1697/728/305 1698/726/304 1832/856/304 1831/857/305
f 1696/730/306 1697/728/305 1831/857/305 1830/858/306
f 1695/732/307 1696/730/306 1830/858/306 1829/859/307
f 1694/734/308 1695/732/307 1829/859/307 1828/860/308
f 1693/736/309 1694/734/308 1828/860/308 1827/861/309
f 1692/738/310 1693/736/309 1827/861/309 1826/862/310
f 1691/740/311 1692/738/310 1826/862/310 1825/863/311
f 1690/742/312 1691/743/311 1825/865/311 1824/864/312
f 1689/746/313 1690/742/312 1824/864/312 1823/866/313
f 1688/748/194 1689/746/313 1823/866/313 1822/867/194
f 1687/750/314 1688/748/194 1822/867/194 1821/868/314
f 1686/752/315 1687/750/314 1821/868/314 1820/869/315
f 1685/754/316 1686/752/315 1820/869/315 1819/870/316
f 1684/756/317 1685/754/316 1819/870/316 1818/871/317
f 1683/758/318 1684/759/317 1818/873/317 1817/872/318
f 1682/762/319 1683/758/318 1817/872/318 1816/874/319
f 1681/764/320 1682/762/319 1816/874/319 1815/875/320
f 1680/693/291 1681/764/320 1815/875/320 1814/842/291
f 1842/839/296 1846/840/294 1879/877/294 1875/876/296
f 1845/841/290 1814/842/291 1847/879/291 1878/878/290
f 1844/843/292 1845/841/290 1878/878/290 1877/880/292
f 1843/844/293 1844/843/292 1877/880/292 1876/881/293
f 1846/840/294 1843/844/293 1876/881/293 1879/877/294
f 1841/845/295 1842/839/296 1875/876/296 1874/882/295
f 1840/846/297 1841/847/295 1874/884/295 1873/883/297
f 1839/848/298 1840/846/297 1873/883/297 1872/885/298
f 1838/849/189 1839/848/298 1872/885/298 1871/886/189
f 1837/850/299 1838/849/189 1871/886/189 1870/887/299
f 1836/851/300 1837/850/299 1870/887/299 1869/888/300
f 1835/852/301 1836/851/300 1869/888/300 1868/889/301
f 1834/853/302 1835/852/301 1868/889/301 1867/890/302
f 1833/854/303 1834/855/302 1867/892/302 1866/891/303
f 1832/856/304 1833/854/303 1866/891/303 1865/893/304
f 1831/857/305 1832/856/304 1865/893/304 1864/894/305
f 1830/858/306 1831/857/305 1864/894/305 1863/895/306
f 1829/859/307 1830/858/306 1863/895/306 1862/896/307
f 1828/860/308 1829/859/307 1862/896/307 1861/897/308
f 1827/861/309 1828/860/308 1861/897/308 1860/898/309
f 1826/862/310 1827/861/309 1860/898/309 1859/899/310
f 1825/863/311 1826/862/310 1859/899/310 1858/900/311
f 1824/864/312 1825/865/311 1858/902/311 1857/901/312
f 1823/866/313 1824/864/312 1857/901/312 1856/903/313
f 1822/867/194 1823/866/313 1856/903/313 1855/904/194
f 1821/868/314 1822/867/194 1855/904/194 1854/905/314
f 1820/869/315 1821/868/314 1854/905/314 1853/906/315
f 1819/870/316 1820/869/315 1853/906/315 1852/907/316
f 1818/871/317 1819/870/316 1852/907/316 1851/908/317
f 1817/872/318 1818/873/317 1851/910/317 1850/909/318
f 1816/874/319 1817/872/318 1850/909/318 1849/911/319
f 1815/875/320 1816/874/319 1849/911/319 1848/912/320
f 1814/842/291 1815/875/320 1848/912/320 1847/879/291
f 1875/876/296 1879/877/294 1912/543/294 1908/542/296
f 1878/878/290 1847/879/291 1880/477/291 1911/583/290
f 1877/880/292 1878/878/290 1911/583/290 1910/548/292
f 1876/881/293 1877/880/292 1910/548/292 1909/546/293
f 1879/877/294 1876/881/293 1909/546/293 1912/543/294
f 1874/882/295 1875/876/296 1908/542/296 1907/539/295
f 1873/883/297 1874/884/295 1907/538/295 1906/536/297
f 1872/885/298 1873/883/297 1906/536/297 1905/534/298
f 1871/886/189 1872/885/298 1905/534/298 1904/532/189
f 1870/887/299 1871/886/189 1904/532/189 1903/530/299
f 1869/888/300 1870/887/299 1903/530/299 1902/528/300
f 1868/889/301 1869/888/300 1902/528/300 1901/526/301
f 1867/890/302 1868/889/301 1901/526/301 1900/523/302
f 1866/891/303 1867/892/302 1900/522/302 1899/520/303
f 1865/893/304 1866/891/303 1899/520/303 1898/518/304
f 1864/894/305 1865/893/304 1898/518/304 1897/516/305
f 1863/895/306 1864/894/305 1897/516/305 1896/514/306
f 1862/896/307 1863/895/306 1896/514/306 1895/512/307
f 1861/897/308 1862/896/307 1895/512/307 1894/510/308
f 1860/898/309 1861/897/308 1894/510/308 1893/508/309
f 1859/899/310 1860/898/309 1893/508/309 1892/506/310
f 1858/900/311 1859/899/310 1892/506/310 1891/503/311
f 1857/901/312 1858/902/311 1891/502/311 1890/500/312
f 1856/903/313 1857/901/312 1890/500/312 1889/498/313
f 1855/904/194 1856/903/313 1889/498/313 1888/496/194
f 1854/905/314 1855/904/194 1888/496/194 1887/494/314
f 1853/906/315 1854/905/314 1887/494/314 1886/492/315
f 1852/907/316 1853/906/315 1886/492/315 1885/490/316
f 1851/908/317 1852/907/316 1885/490/316 1884/487/317
f 1850/909/318 1851/910/317 1884/486/317 1883/484/318
f 1849/911/319 1850/909/318 1883/484/318 1882/482/319
f 1848/912/320 1849/911/319 1882/482/319 1881/480/320
f 1847/879/291 1848/912/320 1881/480/320 1880/477/291
f 1973/913/296 1977/914/294 1945/625/294 1940/630/296
f 1978/915/291 1946/916/320 1913/689/320 1944/620/291
f 1946/916/320 1947/917/319 1914/687/319 1913/689/320
f 1947/917/319 1948/918/318 1915/683/318 1914/687/319
f 1948/918/318 1949/919/317 1916/686/317 1915/683/318
f 1949/920/317 1950/921/316 1917/679/316 1916/681/317
f 1950/921/316 1951/922/315 1918/677/315 1917/679/316
f 1951/922/315 1952/923/314 1919/675/314 1918/677/315
f 1952/923/314 1953/924/194 1920/673/194 1919/675/314
f 1953/924/194 1954/925/313 1921/671/313 1920/673/194
f 1954/925/313 1955/926/312 1922/667/312 1921/671/313
f 1955/926/312 1956/927/311 1923/670/311 1922/667/312
f 1956/928/311 1957/929/310 1924/663/310 1923/665/311
f 1957/929/310 1958/930/309 1925/661/309 1924/663/310
f 1958/930/309 1959/931/308 1926/659/308 1925/661/309
f 1959/931/308 1960/932/307 1927/657/307 1926/659/308
f 1960/932/307 1961/933/306 1928/655/306 1927/657/307
f 1961/933/306 1962/934/305 1929/653/305 1928/655/306
f 1962/934/305 1963/935/304 1930/651/304 1929/653/305
f 1963/935/304 1964/936/303 1931/647/303 1930/651/304
f 1964/936/303 1965/937/302 1932/650/302 1931/647/303
f 1965/938/302 1966/939/301 1933/643/301 1932/645/302
f 1966/939/301 1967/940/300 1934/641/300 1933/643/301
f 1967/940/300 1968/941/299 1935/639/299 1934/641/300
f 1968/941/299 1969/942/189 1936/637/189 1935/639/299
f 1969/942/189 1970/943/298 1937/635/298 1936/637/189
f 1970/943/298 1971/944/297 1938/631/297 1937/635/298
f 1971/944/297 1972/945/295 1939/634/295 1938/631/297
f 1972/946/295 1973/913/296 1940/630/296 1939/627/295
f 1977/914/294 1974/947/293 1941/623/293 1945/625/294
f 1974/947/293 1975/948/292 1942/621/292 1941/623/293
f 1975/948/292 1976/949/290 1943/617/290 1942/621/292
f 1976/949/290 1978/915/291 1944/620/291 1943/617/290
f 2009/950/290 2011/951/291 1978/915/291 1976/949/290
f 2008/952/292 2009/950/290 1976/949/290 1975/948/292
f 2007/953/293 2008/952/292 1975/948/292 1974/947/293
f 2010/954/294 2007/953/293 1974/947/293 1977/914/294
f 2005/955/295 2006/956/296 1973/913/296 1972/946/295
f 2004/957/297 2005/958/295 1972/945/295 1971/944/297
f 2003/959/298 2004/957/297 1971/944/297 1970/943/298
f 2002/960/189 2003/959/298 1970/943/298 1969/942/189
f 2001/961/299 2002/960/189 1969/942/189 1968/941/299
f 2000/962/300 2001/961/299 1968/941/299 1967/940/300
f 1999/963/301 2000/962/300 1967/940/300 1966/939/301
f 1998/964/302 1999/963/301 1966/939/301 1965/938/302
f 1997/965/303 1998/966/302 1965/937/302 1964/936/303
f 1996/967/304 1997/965/303 1964/936/303 1963/935/304
f 1995/968/305 1996/967/304 1963/935/304 1962/934/305
f 1994/969/306 1995/968/305 1962/934/305 1961/933/306
f 1993/970/307 1994/969/306 1961/933/306 1960/932/307
f 1992/971/308 1993/970/307 1960/932/307 1959/931/308
f 1991/972/309 1992/971/308 1959/931/308 1958/930/309
f 1990/973/310 1991/972/309 1958/930/309 1957/929/310
f 1989/974/311 1990/973/310 1957/929/310 1956/928/311
f 1988/975/312 1989/976/311 1956/927/311 1955/926/312
f 1987/977/313 1988/975/312 1955/926/312 1954/925/313
f 1986/978/194 1987/977/313 1954/925/313 1953/924/194
f 1985/979/314 1986/978/194 1953/924/194 1952/923/314
f 1984/980/315 1985/979/314 1952/923/314 1951/922/315
f 1983/981/316 1984/980/315 1951/922/315 1950/921/316
f 1982/982/317 1983/981/316 1950/921/316 1949/920/317
f 1981/983/318 1982/984/317 1949/919/317 1948/918/318
f 1980/985/319 1981/983/318 1948/918/318 1947/917/319
f 1979/986/320 1980/985/319 1947/917/319 1946/916/320
f 2011/951/291 1979/986/320 1946/916/320 1978/915/291
f 2006/956/296 2010/954/294 1977/914/294 1973/913/296
f 2073/987/296 2077/988/294 2010/954/294 2006/956/296
f 2045/989/291 2046/990/320 1979/986/320 2011/951/291
f 2046/990/320 2047/991/319 1980/985/319 1979/986/320
f 2047/991/319 2048/992/318 1981/983/318 1980/985/319
f 2048/992/318 2049/993/317 1982/984/317 1981/983/318
f 2049/994/317 2050/995/316 1983/981/316 1982/982/317
f 2050/995/316 2051/996/315 1984/980/315 1983/981/316
f 2051/996/315 2052/997/314 1985/979/314 1984/980/315
f 2052/997/314 2053/998/194 1986/978/194 1985/979/314
f 2053/998/194 2054/999/313 1987/977/313 1986/978/194
f 2054/999/313 2055/1000/312 1988/975/312 1987/977/313
f 2055/1000/312 2056/1001/311 1989/976/311 1988/975/312
f 2056/1002/311 2057/1003/310 1990/973/310 1989/974/311
f 2057/1003/310 2058/1004/309 1991/972/309 1990/973/310
f 2058/1004/309 2059/1005/308 1992/971/308 1991/972/309
f 2059/1005/308 2060/1006/307 1993/970/307 1992/971/308
f 2060/1006/307 2061/1007/306 1994/969/306 1993/970/307
f 2061/1007/306 2062/1008/305 1995/968/305 1994/969/306
f 2062/1008/305 2063/1009/304 1996/967/304 1995/968/305
f 2063/1009/304 2064/1010/303 1997/965/303 1996/967/304
f 2064/1010/303 2065/1011/302 1998/966/302 1997/965/303
f 2065/1012/302 2066/1013/301 1999/963/301 1998/964/302
f 2066/1013/301 2067/1014/300 2000/962/300 1999/963/301
f 2067/1014/300 2068/1015/299 2001/961/299 2000/962/300
f 2068/1015/299 2069/1016/189 2002/960/189 2001/961/299
f 2069/1016/189 2070/1017/298 2003/959/298 2002/960/189
f 2070/1017/298 2071/1018/297 2004/957/297 2003/959/298
f 2071/1018/297 2072/1019/295 2005/958/295 2004/957/297
f 2072/1020/295 2073/987/296 2006/956/296 2005/955/295
f 2077/988/294 2074/1021/293 2007/953/293 2010/954/294
f 2074/1021/293 2075/1022/292 2008/952/292 2007/953/293
f 2075/1022/292 2076/1023/290 2009/950/290 2008/952/292
f 2076/1023/290 2045/989/291 2011/951/291 2009/950/290
f 1678/1024/288 1616/1027/229 2044/1026/229 2042/1025/289
f 1676/1028/286 1678/1024/288 2042/1025/289 2041/1029/287
f 1674/1030/284 1676/1028/286 2041/1029/287 2040/1031/285
f 1808/1032/1184 1674/1030/284 2040/1031/285 2043/1033/1184
f 1670/1034/279 1672/1037/281 2039/1036/282 2038/1035/280
f 1668/1038/277 1670/1041/279 2038/1040/280 2037/1039/278
f 1666/1042/275 1668/1038/277 2037/1039/278 2036/1043/276
f 1664/1044/274 1666/1042/275 2036/1043/276 2035/1045/274
f 1662/1046/272 1664/1044/274 2035/1045/274 2034/1047/273
f 1660/1048/270 1662/1046/272 2034/1047/273 2033/1049/271
f 1658/1050/268 1660/1048/270 2033/1049/271 2032/1051/269
f 1656/1052/266 1658/1050/268 2032/1051/269 2031/1053/267
f 1654/1054/264 1656/1057/266 2031/1056/267 2030/1055/265
f 1652/1058/262 1654/1054/264 2030/1055/265 2029/1059/263
f 1650/1060/260 1652/1058/262 2029/1059/263 2028/1061/261
f 1648/1062/259 1650/1060/260 2028/1061/261 2027/1063/259
f 1646/1064/257 1648/1062/259 2027/1063/259 2026/1065/258
f 1644/1066/255 1646/1064/257 2026/1065/258 2025/1067/256
f 1642/1068/253 1644/1066/255 2025/1067/256 2024/1069/254
f 1640/1070/251 1642/1068/253 2024/1069/254 2023/1071/252
f 1638/1072/249 1640/1070/251 2023/1071/252 2022/1073/250
f 1636/1074/247 1638/1077/249 2022/1076/250 2021/1075/248
f 1634/1078/245 1636/1074/247 2021/1075/248 2020/1079/246
f 1632/1080/244 1634/1078/245 2020/1079/246 2019/1081/244
f 1630/1082/242 1632/1080/244 2019/1081/244 2018/1083/243
f 1628/1084/240 1630/1082/242 2018/1083/243 2017/1085/241
f 1626/1086/238 1628/1084/240 2017/1085/241 2016/1087/239
f 1624/1088/236 1626/1086/238 2016/1087/239 2015/1089/237
f 1622/1090/234 1624/1093/236 2015/1092/237 2014/1091/235
f 1620/1094/232 1622/1090/234 2014/1091/235 2013/1095/233
f 1618/1096/230 1620/1094/232 2013/1095/233 2012/1097/231
f 1616/1027/229 1618/1096/230 2012/1097/231 2044/1026/229
f 1672/1037/281 1808/1032/1184 2043/1033/1184 2039/1036/282
f 2042/1025/290 2044/1026/291 2045/989/291 2076/1023/290
f 2041/1029/292 2042/1025/290 2076/1023/290 2075/1022/292
f 2040/1031/293 2041/1029/292 2075/1022/292 2074/1021/293
f 2043/1033/294 2040/1031/293 2074/1021/293 2077/988/294
f 2038/1035/295 2039/1036/296 2073/987/296 2072/1020/295
f 2037/1039/297 2038/1040/295 2072/1019/295 2071/1018/297
f 2036/1043/298 2037/1039/297 2071/1018/297 2070/1017/298
f 2035/1045/189 2036/1043/298 2070/1017/298 2069/1016/189
f 2034/1047/299 2035/1045/189 2069/1016/189 2068/1015/299
f 2033/1049/300 2034/1047/299 2068/1015/299 2067/1014/300
f 2032/1051/301 2033/1049/300 2067/1014/300 2066/1013/301
f 2031/1053/302 2032/1051/301 2066/1013/301 2065/1012/302
f 2030/1055/303 2031/1056/302 2065/1011/302 2064/1010/303
f 2029/1059/304 2030/1055/303 2064/1010/303 2063/1009/304
f 2028/1061/305 2029/1059/304 2063/1009/304 2062/1008/305
f 2027/1063/306 2028/1061/305 2062/1008/305 2061/1007/306
f 2026/1065/307 2027/1063/306 2061/1007/306 2060/1006/307
f 2025/1067/308 2026/1065/307 2060/1006/307 2059/1005/308
f 2024/1069/309 2025/1067/308 2059/1005/308 2058/1004/309
f 2023/1071/310 2024/1069/309 2058/1004/309 2057/1003/310
f 2022/1073/311 2023/1071/310 2057/1003/310 2056/1002/311
f 2021/1075/312 2022/1076/311 2056/1001/311 2055/1000/312
f 2020/1079/313 2021/1075/312 2055/1000/312 2054/999/313
f 2019/1081/194 2020/1079/313 2054/999/313 2053/998/194
f 2018/1083/314 2019/1081/194 2053/998/194 2052/997/314
f 2017/1085/315 2018/1083/314 2052/997/314 2051/996/315
f 2016/1087/316 2017/1085/315 2051/996/315 2050/995/316
f 2015/1089/317 2016/1087/316 2050/995/316 2049/994/317
f 2014/1091/318 2015/1092/317 2049/993/317 2048/992/318
f 2013/1095/319 2014/1091/318 2048/992/318 2047/991/319
f 2012/1097/320 2013/1095/319 2047/991/319 2046/990/320
f 2044/1026/291 2012/1097/320 2046/990/320 2045/989/291
f 2039/1036/296 2043/1033/294 2077/988/294 2073/987/296
f 2078/1098/203 2079/1101/818 2091/1100/801 2090/1099/800
f 2079/1101/818 2080/1103/393 2092/1102/802 2091/1100/801
f 2080/1104/390 2081/1107/390 2093/1106/804 2092/1105/803
f 2081/1107/387 2082/1109/387 2094/1108/806 2093/1106/805
f 2082/1110/386 2083/1113/819 2095/1112/808 2094/1111/807
f 2083/1113/819 2084/1115/220 2096/1114/809 2095/1112/808
f 2084/1115/220 2085/1117/820 2097/1116/810 2096/1114/809
f 2085/1117/820 2086/1119/408 2098/1118/811 2097/1116/810
f 2086/1120/405 2087/1123/405 2099/1122/813 2098/1121/812
f 2087/1123/402 2088/1125/402 2100/1124/815 2099/1122/814
f 2088/1126/401 2089/1129/821 2101/1128/817 2100/1127/816
f 2089/1129/821 2078/1098/203 2090/1099/800 2101/1128/817
f 2090/1099/800 2091/1100/801 2103/1131/783 2102/1130/782
f 2091/1100/801 2092/1102/802 2104/1132/784 2103/1131/783
f 2092/1105/803 2093/1106/804 2105/1134/786 2104/1133/785
f 2093/1106/805 2094/1108/806 2106/1135/788 2105/1134/787
f 2094/1111/807 2095/1112/808 2107/1137/790 2106/1136/789
f 2095/1112/808 2096/1114/809 2108/1138/791 2107/1137/790
f 2096/1114/809 2097/1116/810 2109/1139/792 2108/1138/791
f 2097/1116/810 2098/1118/811 2110/1140/793 2109/1139/792
f 2098/1121/812 2099/1122/813 2111/1142/795 2110/1141/794
f 2099/1122/814 2100/1124/815 2112/1143/797 2111/1142/796
f 2100/1127/816 2101/1128/817 2113/1145/799 2112/1144/798
f 2101/1128/817 2090/1099/800 2102/1130/782 2113/1145/799
f 2102/1130/782 2103/1131/783 2115/1147/765 2114/1146/764
f 2103/1131/783 2104/1132/784 2116/1148/766 2115/1147/765
f 2104/1133/785 2105/1134/786 2117/1150/768 2116/1149/767
f 2105/1134/787 2106/1135/788 2118/1151/770 2117/1150/769
f 2106/1136/789 2107/1137/790 2119/1153/772 2118/1152/771
f 2107/1137/790 2108/1138/791 2120/1154/773 2119/1153/772
f 2108/1138/791 2109/1139/792 2121/1155/774 2120/1154/773
f 2109/1139/792 2110/1140/793 2122/1156/775 2121/1155/774
f 2110/1141/794 2111/1142/795 2123/1158/777 2122/1157/776
f 2111/1142/796 2112/1143/797 2124/1159/779 2123/1158/778
f 2112/1144/798 2113/1145/799 2125/1161/781 2124/1160/780
f 2113/1145/799 2102/1130/782 2114/1146/764 2125/1161/781
f 2114/1146/764 2115/1147/765 2127/1163/747 2126/1162/746
f 2115/1147/765 2116/1148/766 2128/1164/748 2127/1163/747
f 2116/1149/767 2117/1150/768 2129/1166/750 2128/1165/749
f 2117/1150/769 2118/1151/770 2130/1167/752 2129/1166/751
f 2118/1152/771 2119/1153/772 2131/1169/754 2130/1168/753
f 2119/1153/772 2120/1154/773 2132/1170/755 2131/1169/754
f 2120/1154/773 2121/1155/774 2133/1171/756 2132/1170/755
f 2121/1155/774 2122/1156/775 2134/1172/757 2133/1171/756
f 2122/1157/776 2123/1158/777 2135/1174/759 2134/1173/758
f 2123/1158/778 2124/1159/779 2136/1175/761 2135/1174/760
f 2124/1160/780 2125/1161/781 2137/1177/763 2136/1176/762
f 2125/1161/781 2114/1146/764 2126/1162/746 2137/1177/763
f 2126/1178/746 2127/1181/747 2139/1180/729 2138/1179/728
f 2127/1181/747 2128/1183/748 2140/1182/730 2139/1180/729
f 2128/1165/749 2129/1166/750 2141/1185/732 2140/1184/731
f 2129/1166/751 2130/1167/752 2142/1186/734 2141/1185/733
f 2130/1168/753 2131/1169/754 2143/1188/736 2142/1187/735
f 2131/1189/754 2132/1192/755 2144/1191/737 2143/1190/736
f 2132/1192/755 2133/1194/756 2145/1193/738 2144/1191/737
f 2133/1194/756 2134/1196/757 2146/1195/739 2145/1193/738
f 2134/1173/758 2135/1174/759 2147/1198/741 2146/1197/740
f 2135/1174/760 2136/1175/761 2148/1199/743 2147/1198/742
f 2136/1200/762 2137/1203/763 2149/1202/745 2148/1201/744
f 2137/1203/763 2126/1178/746 2138/1179/728 2149/1202/745
f 2138/1179/728 2139/1180/729 2151/1205/711 2150/1204/710
f 2139/1180/729 2140/1182/730 2152/1206/712 2151/1205/711
f 2140/1184/731 2141/1185/732 2153/1208/714 2152/1207/713
f 2141/1185/733 2142/1186/734 2154/1209/716 2153/1208/996
f 2142/1210/735 2143/1190/736 2155/1212/718 2154/1211/717
f 2143/1190/736 2144/1191/737 2156/1213/719 2155/1212/718
f 2144/1191/737 2145/1193/738 2157/1214/720 2156/1213/719
f 2145/1193/738 2146/1195/739 2158/1215/721 2157/1214/720
f 2146/1197/740 2147/1198/741 2159/1217/723 2158/1216/722
f 2147/1198/742 2148/1199/743 2160/1218/1002 2159/1217/724
f 2148/1201/744 2149/1202/745 2161/1220/727 2160/1219/726
f 2149/1202/745 2138/1179/728 2150/1204/710 2161/1220/727
f 2150/1204/710 2151/1205/711 2163/1222/693 2162/1221/692
f 2151/1205/711 2152/1206/712 2164/1223/694 2163/1222/693
f 2152/1207/713 2153/1208/714 2165/1225/696 2164/1224/695
f 2153/1208/996 2154/1209/716 2166/1226/698 2165/1225/697
f 2154/1211/717 2155/1212/718 2167/1228/700 2166/1227/699
f 2155/1212/718 2156/1213/719 2168/1229/701 2167/1228/700
f 2156/1213/719 2157/1214/720 2169/1230/702 2168/1229/701
f 2157/1214/720 2158/1215/721 2170/1231/703 2169/1230/702
f 2158/1216/722 2159/1217/723 2171/1233/705 2170/1232/704
f 2159/1217/724 2160/1218/1002 2172/1234/707 2171/1233/706
f 2160/1219/726 2161/1220/727 2173/1236/709 2172/1235/708
f 2161/1220/727 2150/1204/710 2162/1221/692 2173/1236/709
f 2162/1221/692 2163/1222/693 2175/1238/675 2174/1237/674
f 2163/1222/693 2164/1223/694 2176/1239/676 2175/1238/675
f 2164/1224/695 2165/1225/696 2177/1241/678 2176/1240/677
f 2165/1225/697 2166/1226/698 2178/1242/680 2177/1241/679
f 2166/1227/699 2167/1228/700 2179/1244/682 2178/1243/681
f 2167/1228/700 2168/1229/701 2180/1245/683 2179/1244/682
f 2168/1229/701 2169/1230/702 2181/1246/684 2180/1245/683
f 2169/1230/702 2170/1231/703 2182/1247/685 2181/1246/684
f 2170/1232/704 2171/1233/705 2183/1249/687 2182/1248/686
f 2171/1233/706 2172/1234/707 2184/1250/689 2183/1249/688
f 2172/1235/708 2173/1236/709 2185/1252/691 2184/1251/690
f 2173/1236/709 2162/1221/692 2174/1237/674 2185/1252/691
f 2174/1237/674 2175/1238/675 2187/1254/657 2186/1253/656
f 2175/1238/675 2176/1239/676 2188/1255/658 2187/1254/657
f 2176/1240/677 2177/1241/678 2189/1257/660 2188/1256/659
f 2177/1241/679 2178/1242/680 2190/1258/662 2189/1257/661
f 2178/1243/681 2179/1244/682 2191/1260/664 2190/1259/663
f 2179/1244/682 2180/1245/683 2192/1261/665 2191/1260/664
f 2180/1245/683 2181/1246/684 2193/1262/666 2192/1261/665
f 2181/1246/684 2182/1247/685 2194/1263/667 2193/1262/666
f 2182/1248/686 2183/1249/687 2195/1265/669 2194/1264/668
f 2183/1249/688 2184/1250/689 2196/1266/671 2195/1265/670
f 2184/1251/690 2185/1252/691 2197/1268/673 2196/1267/672
f 2185/1252/691 2174/1237/674 2186/1253/656 2197/1268/673
f 2186/1253/656 2187/1254/657 2199/1270/639 2198/1269/638
f 2187/1254/657 2188/1255/658 2200/1271/640 2199/1270/639
f 2188/1256/659 2189/1257/660 2201/1273/1185 2200/1272/641
f 2189/1257/661 2190/1258/662 2202/1274/644 2201/1273/643
f 2190/1259/663 2191/1260/664 2203/1276/646 2202/1275/645
f 2191/1260/664 2192/1261/665 2204/1277/647 2203/1276/646
f 2192/1261/665 2193/1262/666 2205/1278/648 2204/1277/647
f 2193/1262/666 2194/1263/667 2206/1279/649 2205/1278/648
f 2194/1264/668 2195/1265/669 2207/1281/651 2206/1280/1186
f 2195/1265/670 2196/1266/671 2208/1282/653 2207/1281/652
f 2196/1267/672 2197/1268/673 2209/1284/655 2208/1283/654
f 2197/1268/673 2186/1253/656 2198/1269/638 2209/1284/655
f 2198/1269/638 2199/1270/639 2211/1286/608 2210/1285/607
f 2199/1270/639 2200/1271/640 2212/1287/610 2211/1286/608
f 2200/1272/641 2201/1273/1185 2213/1289/614 2212/1288/613
f 2201/1273/643 2202/1274/644 2214/1290/617 2213/1289/616
f 2202/1275/645 2203/1276/646 2215/1292/620 2214/1291/619
f 2203/1276/646 2204/1277/647 2216/1293/622 2215/1292/620
f 2204/1277/647 2205/1278/648 2217/1294/624 2216/1293/622
f 2205/1278/648 2206/1279/649 2218/1295/626 2217/1294/624
f 2206/1280/1186 2207/1281/651 2219/1297/630 2218/1296/629
f 2207/1281/652 2208/1282/653 2220/1298/633 2219/1297/632
f 2208/1283/654 2209/1284/655 2221/1300/636 2220/1299/635
f 2209/1284/655 2198/1269/638 2210/1285/607 2221/1300/636
f 2210/1285/607 2211/1286/608 919/1302/609 918/1301/606
f 2211/1286/608 2212/1287/610 920/1303/611 919/1302/609
f 2212/1288/613 2213/1289/614 921/1305/612 920/1304/612
f 2213/1289/616 2214/1290/617 922/1306/615 921/1305/615
f 2214/1291/619 2215/1292/620 923/1308/1187 922/1307/618
f 2215/1292/620 2216/1293/622 924/1309/623 923/1308/1187
f 2216/1293/622 2217/1294/624 925/1310/625 924/1309/623
f 2217/1294/624 2218/1295/626 926/1311/627 925/1310/625
f 2218/1296/629 2219/1297/630 927/1313/628 926/1312/628
f 2219/1297/632 2220/1298/633 928/1314/631 927/1313/631
f 2220/1299/635 2221/1300/636 929/1316/637 928/1315/634
f 2221/1300/636 2210/1285/607 918/1301/606 929/1316/637
f 918/1301/592 919/1302/593 2223/1318/575 2222/1317/574
f 919/1302/593 920/1303/594 2224/1319/576 2223/1318/575
f 920/1304/595 921/1305/595 2225/1321/578 2224/1320/577
f 921/1305/596 922/1306/596 2226/1322/580 2225/1321/579
f 922/1307/597 923/1308/1188 2227/1324/582 2226/1323/581
f 923/1308/1188 924/1309/599 2228/1325/583 2227/1324/582
f 924/1309/599 925/1310/600 2229/1326/584 2228/1325/583
f 925/1310/600 926/1311/601 2230/1327/585 2229/1326/584
f 926/1312/602 927/1313/602 2231/1329/587 2230/1328/586
f 927/1313/603 928/1314/603 2232/1330/589 2231/1329/588
f 928/1315/604 929/1316/605 2233/1332/591 2232/1331/590
f 929/1316/605 918/1301/592 2222/1317/574 2233/1332/591
f 2222/1317/574 2223/1318/575 2235/1334/557 2234/1333/556
f 2223/1318/575 2224/1319/576 2236/1335/558 2235/1334/557
f 2224/1320/577 2225/1321/578 2237/1337/560 2236/1336/559
f 2225/1321/579 2226/1322/580 2238/1338/562 2237/1337/561
f 2226/1323/581 2227/1324/582 2239/1340/564 2238/1339/563
f 2227/1324/582 2228/1325/583 2240/1341/565 2239/1340/564
f 2228/1325/583 2229/1326/584 2241/1342/566 2240/1341/565
f 2229/1326/584 2230/1327/585 2242/1343/567 2241/1342/566
f 2230/1328/586 2231/1329/587 2243/1345/569 2242/1344/1189
f 2231/1329/588 2232/1330/589 2244/1346/571 2243/1345/570
f 2232/1331/590 2233/1332/591 2245/1348/573 2244/1347/572
f 2233/1332/591 2222/1317/574 2234/1333/556 2245/1348/573
f 2234/1333/556 2235/1334/557 2247/1350/539 2246/1349/538
f 2235/1334/557 2236/1335/558 2248/1351/540 2247/1350/539
f 2236/1336/559 2237/1337/560 2249/1353/542 2248/1352/541
f 2237/1337/561 2238/1338/562 2250/1354/544 2249/1353/543
f 2238/1339/563 2239/1340/564 2251/1356/546 2250/1355/545
f 2239/1340/564 2240/1341/565 2252/1357/547 2251/1356/546
f 2240/1341/565 2241/1342/566 2253/1358/548 2252/1357/547
f 2241/1342/566 2242/1343/567 2254/1359/549 2253/1358/548
f 2242/1344/1189 2243/1345/569 2255/1361/551 2254/1360/550
f 2243/1345/570 2244/1346/571 2256/1362/553 2255/1361/552
f 2244/1347/572 2245/1348/573 2257/1364/555 2256/1363/554
f 2245/1348/573 2234/1333/556 2246/1349/538 2257/1364/555
f 2246/1349/538 2247/1350/539 2259/1366/521 2258/1365/520
f 2247/1350/539 2248/1351/540 2260/1367/522 2259/1366/521
f 2248/1352/541 2249/1353/542 2261/1369/524 2260/1368/523
f 2249/1353/543 2250/1354/544 2262/1370/526 2261/1369/525
f 2250/1355/545 2251/1356/546 2263/1372/528 2262/1371/527
f 2251/1356/546 2252/1357/547 2264/1373/529 2263/1372/528
f 2252/1357/547 2253/1358/548 2265/1374/530 2264/1373/529
f 2253/1358/548 2254/1359/549 2266/1375/531 2265/1374/530
f 2254/1360/550 2255/1361/551 2267/1377/533 2266/1376/532
f 2255/1361/552 2256/1362/553 2268/1378/535 2267/1377/534
f 2256/1363/554 2257/1364/555 2269/1380/537 2268/1379/536
f 2257/1364/555 2246/1349/538 2258/1365/520 2269/1380/537
f 2258/1365/520 2259/1366/521 2271/1382/503 2270/1381/502
f 2259/1366/521 2260/1367/522 2272/1383/504 2271/1382/503
f 2260/1368/523 2261/1369/524 2273/1385/506 2272/1384/505
f 2261/1369/525 2262/1370/526 2274/1386/508 2273/1385/507
f 2262/1371/527 2263/1372/528 2275/1388/510 2274/1387/509
f 2263/1372/528 2264/1373/529 2276/1389/511 2275/1388/510
f 2264/1373/529 2265/1374/530 2277/1390/512 2276/1389/511
f 2265/1374/530 2266/1375/531 2278/1391/513 2277/1390/512
f 2266/1376/532 2267/1377/533 2279/1393/515 2278/1392/514
f 2267/1377/534 2268/1378/535 2280/1394/517 2279/1393/516
f 2268/1379/536 2269/1380/537 2281/1396/519 2280/1395/518
f 2269/1380/537 2258/1365/520 2270/1381/502 2281/1396/519
f 2270/1381/502 2271/1382/503 2283/1398/485 2282/1397/484
f 2271/1382/503 2272/1383/504 2284/1399/486 2283/1398/485
f 2272/1384/505 2273/1385/506 2285/1401/488 2284/1400/487
f 2273/1385/507 2274/1386/508 2286/1402/490 2285/1401/489
f 2274/1387/509 2275/1388/510 2287/1404/492 2286/1403/491
f 2275/1388/510 2276/1389/511 2288/1405/493 2287/1404/492
f 2276/1389/511 2277/1390/512 2289/1406/494 2288/1405/493
f 2277/1390/512 2278/1391/513 2290/1407/495 2289/1406/494
f 2278/1392/514 2279/1393/515 2291/1409/497 2290/1408/496
f 2279/1393/516 2280/1394/517 2292/1410/1190 2291/1409/498
f 2280/1395/518 2281/1396/519 2293/1412/501 2292/1411/500
f 2281/1396/519 2270/1381/502 2282/1397/484 2293/1412/501
f 2282/1397/484 2283/1398/485 2295/1414/467 2294/1413/466
f 2283/1398/485 2284/1399/486 2296/1415/468 2295/1414/467
f 2284/1400/487 2285/1401/488 2297/1417/470 2296/1416/469
f 2285/1401/489 2286/1402/490 2298/1418/472 2297/1417/471
f 2286/1403/491 2287/1404/492 2299/1420/474 2298/1419/473
f 2287/1404/492 2288/1405/493 2300/1421/475 2299/1420/474
f 2288/1405/493 2289/1406/494 2301/1422/1191 2300/1421/475
f 2289/1406/494 2290/1407/495 2302/1423/477 2301/1422/1191
f 2290/1408/496 2291/1409/497 2303/1425/479 2302/1424/478
f 2291/1409/498 2292/1410/1190 2304/1426/481 2303/1425/480
f 2292/1411/500 2293/1412/501 2305/1428/483 2304/1427/482
f 2293/1412/501 2282/1397/484 2294/1413/466 2305/1428/483
f 2294/1413/466 2295/1414/467 2307/1430/449 2306/1429/448
f 2295/1414/467 2296/1415/468 2308/1431/450 2307/1430/449
f 2296/1416/469 2297/1417/470 2309/1433/452 2308/1432/451
f 2297/1417/471 2298/1418/472 2310/1434/454 2309/1433/453
f 2298/1435/473 2299/1438/474 2311/1437/456 2310/1436/455
f 2299/1438/474 2300/1440/475 2312/1439/457 2311/1437/456
f 2300/1421/475 2301/1422/1191 2313/1442/458 2312/1441/457
f 2301/1422/1191 2302/1423/477 2314/1443/459 2313/1442/458
f 2302/1424/478 2303/1425/479 2315/1445/461 2314/1444/460
f 2303/1425/480 2304/1426/481 2316/1446/463 2315/1445/462
f 2304/1447/482 2305/1450/483 2317/1449/465 2316/1448/464
f 2305/1428/483 2294/1413/466 2306/1429/448 2317/1451/465
f 2306/1452/448 2307/1455/449 2319/1454/431 2318/1453/430
f 2307/1455/449 2308/1457/450 2320/1456/432 2319/1454/431
f 2308/1432/451 2309/1433/452 2321/1459/434 2320/1458/433
f 2309/1433/453 2310/1434/454 2322/1460/436 2321/1459/435
f 2310/1436/455 2311/1437/456 2323/1462/438 2322/1461/437
f 2311/1437/456 2312/1439/457 2324/1463/439 2323/1462/438
f 2312/1439/457 2313/1465/458 2325/1464/440 2324/1463/439
f 2313/1465/458 2314/1467/459 2326/1466/441 2325/1464/440
f 2314/1444/460 2315/1445/461 2327/1469/443 2326/1468/442
f 2315/1445/462 2316/1446/463 2328/1470/445 2327/1469/444
f 2316/1448/464 2317/1449/465 2329/1472/447 2328/1471/446
f 2317/1449/465 2306/1452/448 2318/1453/430 2329/1472/447
f 2318/1453/430 2319/1454/431 2331/1474/413 2330/1473/412
f 2319/1454/431 2320/1456/432 2332/1475/414 2331/1474/413
f 2320/1458/433 2321/1459/434 2333/1477/416 2332/1476/415
f 2321/1459/435 2322/1460/436 2334/1478/418 2333/1477/417
f 2322/1461/437 2323/1462/438 2335/1480/420 2334/1479/419
f 2323/1462/438 2324/1463/439 2336/1481/421 2335/1480/420
f 2324/1463/439 2325/1464/440 2337/1482/422 2336/1481/421
f 2325/1464/440 2326/1466/441 2338/1483/423 2337/1482/422
f 2326/1468/442 2327/1469/443 2339/1485/425 2338/1484/424
f 2327/1469/444 2328/1470/445 2340/1486/427 2339/1485/426
f 2328/1471/446 2329/1472/447 2341/1488/429 2340/1487/428
f 2329/1472/447 2318/1453/430 2330/1473/412 2341/1488/429
f 2330/1473/412 2331/1474/413 2343/1490/383 2342/1489/382
f 2331/1474/413 2332/1475/414 2344/1491/385 2343/1490/383
f 2332/1476/415 2333/1477/416 2345/1493/389 2344/1492/388
f 2333/1477/417 2334/1478/418 2346/1494/392 2345/1493/391
f 2334/1479/419 2335/1480/420 2347/1496/395 2346/1495/394
f 2335/1480/420 2336/1481/421 2348/1497/397 2347/1496/395
f 2336/1481/421 2337/1482/422 2349/1498/398 2348/1497/397
f 2337/1482/422 2338/1483/423 2350/1499/400 2349/1498/398
f 2338/1484/424 2339/1485/425 2351/1501/404 2350/1500/403
f 2339/1485/426 2340/1486/427 2352/1502/407 2351/1501/406
f 2340/1487/428 2341/1488/429 2353/1504/410 2352/1503/409
f 2341/1488/429 2330/1473/412 2342/1489/382 2353/1504/410
f 2342/1489/382 2343/1490/383 2355/1506/384 2354/1505/220
f 2343/1490/383 2344/1491/385 2356/1507/386 2355/1506/384
f 2344/1492/388 2345/1493/389 2357/1509/387 2356/1508/387
f 2345/1493/391 2346/1494/392 2358/1510/390 2357/1509/390
f 2346/1495/394 2347/1496/395 2359/1512/396 2358/1511/393
f 2347/1496/395 2348/1497/397 2360/1513/203 2359/1512/396
f 2348/1497/397 2349/1498/398 2361/1514/399 2360/1513/203
f 2349/1498/398 2350/1499/400 2362/1515/401 2361/1514/399
f 2350/1500/403 2351/1501/404 2363/1517/402 2362/1516/402
f 2351/1501/406 2352/1502/407 2364/1518/405 2363/1517/405
f 2352/1503/409 2353/1504/410 2365/1520/411 2364/1519/408
f 2353/1504/410 2342/1489/382 2354/1505/220 2365/1520/411
f 2354/1505/220 2355/1506/384 2367/1522/1046 2366/1521/1045
f 2355/1506/384 2356/1507/386 2368/1523/1047 2367/1522/1046
f 2356/1508/387 2357/1509/387 2369/1525/806 2368/1524/805
f 2357/1509/390 2358/1510/390 2370/1526/804 2369/1525/803
f 2358/1511/393 2359/1512/396 2371/1528/1050 2370/1527/1049
f 2359/1512/396 2360/1513/203 2372/1529/1051 2371/1528/1050
f 2360/1513/203 2361/1514/399 2373/1530/1052 2372/1529/1051
f 2361/1514/399 2362/1515/401 2374/1531/1053 2373/1530/1052
f 2362/1516/402 2363/1517/402 2375/1533/1054 2374/1532/814
f 2363/1517/405 2364/1518/405 2376/1534/813 2375/1533/812
f 2364/1519/408 2365/1520/411 2377/1536/1056 2376/1535/1055
f 2365/1520/411 2354/1505/220 2366/1521/1045 2377/1536/1056
f 2366/1521/1045 2367/1522/1046 2379/1538/1036 2378/1537/1035
f 2367/1522/1046 2368/1523/1047 2380/1539/1037 2379/1538/1036
f 2368/1524/805 2369/1525/806 2381/1541/788 2380/1540/787
f 2369/1525/803 2370/1526/804 2382/1542/786 2381/1541/785
f 2370/1527/1049 2371/1528/1050 2383/1544/1039 2382/1543/1038
f 2371/1528/1050 2372/1529/1051 2384/1545/1040 2383/1544/1039
f 2372/1529/1051 2373/1530/1052 2385/1546/1041 2384/1545/1040
f 2373/1530/1052 2374/1531/1053 2386/1547/1042 2385/1546/1041
f 2374/1532/814 2375/1533/1054 2387/1549/797 2386/1548/796
f 2375/1533/812 2376/1534/813 2388/1550/795 2387/1549/794
f 2376/1535/1055 2377/1536/1056 2389/1552/1044 2388/1551/1043
f 2377/1536/1056 2366/1521/1045 2378/1537/1035 2389/1552/1044
f 2378/1537/1035 2379/1538/1036 2391/1554/1026 2390/1553/1025
f 2379/1538/1036 2380/1539/1037 2392/1555/1027 2391/1554/1026
f 2380/1540/787 2381/1541/788 2393/1557/770 2392/1556/769
f 2381/1541/785 2382/1542/786 2394/1558/768 2393/1557/767
f 2382/1543/1038 2383/1544/1039 2395/1560/1029 2394/1559/1028
f 2383/1544/1039 2384/1545/1040 2396/1561/1030 2395/1560/1029
f 2384/1545/1040 2385/1546/1041 2397/1562/1031 2396/1561/1030
f 2385/1546/1041 2386/1547/1042 2398/1563/1032 2397/1562/1031
f 2386/1548/796 2387/1549/797 2399/1565/779 2398/1564/778
f 2387/1549/794 2388/1550/795 2400/1566/777 2399/1565/776
f 2388/1551/1043 2389/1552/1044 2401/1568/1034 2400/1567/1033
f 2389/1552/1044 2378/1537/1035 2390/1553/1025 2401/1568/1034
f 2390/1553/1025 2391/1554/1026 2403/1570/1016 2402/1569/1015
f 2391/1554/1026 2392/1555/1027 2404/1571/1017 2403/1570/1016
f 2392/1556/769 2393/1557/770 2405/1573/752 2404/1572/751
f 2393/1557/767 2394/1558/768 2406/1574/750 2405/1573/749
f 2394/1559/1028 2395/1560/1029 2407/1576/1019 2406/1575/1018
f 2395/1560/1029 2396/1561/1030 2408/1577/1020 2407/1576/1019
f 2396/1561/1030 2397/1562/1031 2409/1578/1021 2408/1577/1020
f 2397/1562/1031 2398/1563/1032 2410/1579/1022 2409/1578/1021
f 2398/1564/778 2399/1565/779 2411/1581/761 2410/1580/760
f 2399/1565/776 2400/1566/777 2412/1582/759 2411/1581/758
f 2400/1567/1033 2401/1568/1034 2413/1584/1024 2412/1583/1023
f 2401/1568/1034 2390/1553/1025 2402/1569/1015 2413/1584/1024
f 2402/1585/1015 2403/1588/1016 2415/1587/1006 2414/1586/1005
f 2403/1570/1016 2404/1571/1017 2416/1590/1007 2415/1589/1006
f 2404/1572/751 2405/1573/752 2417/1592/734 2416/1591/733
f 2405/1573/749 2406/1574/750 2418/1593/732 2417/1592/731
f 2406/1594/1018 2407/1597/1019 2419/1596/1009 2418/1595/1008
f 2407/1597/1019 2408/1599/1020 2420/1598/1010 2419/1596/1009
f 2408/1599/1020 2409/1601/1021 2421/1600/1011 2420/1598/1010
f 2409/1601/1021 2410/1603/1022 2422/1602/1012 2421/1600/1011
f 2410/1580/760 2411/1581/761 2423/1605/743 2422/1604/742
f 2411/1581/758 2412/1582/759 2424/1606/741 2423/1605/740
f 2412/1607/1023 2413/1610/1024 2425/1609/1014 2424/1608/1013
f 2413/1610/1024 2402/1585/1015 2414/1586/1005 2425/1609/1014
f 2414/1586/1005 2415/1587/1006 2427/1612/994 2426/1611/993
f 2415/1587/1006 2416/1614/1007 2428/1613/995 2427/1612/994
f 2416/1591/733 2417/1592/734 2429/1616/716 2428/1615/715
f 2417/1592/731 2418/1593/732 2430/1617/714 2429/1616/713
f 2418/1595/1008 2419/1596/1009 2431/1619/998 2430/1618/997
f 2419/1596/1009 2420/1598/1010 2432/1620/1192 2431/1619/998
f 2420/1598/1010 2421/1600/1011 2433/1621/1000 2432/1620/1192
f 2421/1600/1011 2422/1602/1012 2434/1622/1001 2433/1621/1000
f 2422/1604/742 2423/1605/743 2435/1624/725 2434/1623/724
f 2423/1605/740 2424/1606/741 2436/1625/723 2435/1624/722
f 2424/1608/1013 2425/1609/1014 2437/1627/1004 2436/1626/1003
f 2425/1609/1014 2414/1586/1005 2426/1611/993 2437/1627/1004
f 2426/1611/993 2427/1612/994 2439/1629/984 2438/1628/983
f 2427/1612/994 2428/1613/995 2440/1630/985 2439/1629/984
f 2428/1615/715 2429/1616/716 2441/1632/698 2440/1631/697
f 2429/1616/713 2430/1617/714 2442/1633/696 2441/1632/695
f 2430/1618/997 2431/1619/998 2443/1635/987 2442/1634/986
f 2431/1619/998 2432/1620/1192 2444/1636/988 2443/1635/987
f 2432/1620/1192 2433/1621/1000 2445/1637/989 2444/1636/988
f 2433/1621/1000 2434/1622/1001 2446/1638/990 2445/1637/989
f 2434/1623/724 2435/1624/725 2447/1640/707 2446/1639/706
f 2435/1624/722 2436/1625/723 2448/1641/705 2447/1640/704
f 2436/1626/1003 2437/1627/1004 2449/1643/992 2448/1642/991
f 2437/1627/1004 2426/1611/993 2438/1628/983 2449/1643/992
f 2438/1628/983 2439/1629/984 2451/1645/974 2450/1644/973
f 2439/1629/984 2440/1630/985 2452/1646/975 2451/1645/974
f 2440/1631/697 2441/1632/698 2453/1648/680 2452/1647/679
f 2441/1632/695 2442/1633/696 2454/1649/678 2453/1648/677
f 2442/1634/986 2443/1635/987 2455/1651/977 2454/1650/976
f 2443/1635/987 2444/1636/988 2456/1652/978 2455/1651/977
f 2444/1636/988 2445/1637/989 2457/1653/979 2456/1652/978
f 2445/1637/989 2446/1638/990 2458/1654/980 2457/1653/979
f 2446/1639/706 2447/1640/707 2459/1656/689 2458/1655/688
f 2447/1640/704 2448/1641/705 2460/1657/687 2459/1656/686
f 2448/1642/991 2449/1643/992 2461/1659/982 2460/1658/981
f 2449/1643/992 2438/1628/983 2450/1644/973 2461/1659/982
f 2450/1644/973 2451/1645/974 2463/1661/964 2462/1660/963
f 2451/1645/974 2452/1646/975 2464/1662/965 2463/1661/964
f 2452/1647/679 2453/1648/680 2465/1664/662 2464/1663/661
f 2453/1648/677 2454/1649/678 2466/1665/660 2465/1664/659
f 2454/1650/976 2455/1651/977 2467/1667/967 2466/1666/966
f 2455/1651/977 2456/1652/978 2468/1668/968 2467/1667/967
f 2456/1652/978 2457/1653/979 2469/1669/969 2468/1668/968
f 2457/1653/979 2458/1654/980 2470/1670/970 2469/1669/969
f 2458/1655/688 2459/1656/689 2471/1672/671 2470/1671/670
f 2459/1656/686 2460/1657/687 2472/1673/669 2471/1672/668
f 2460/1658/981 2461/1659/982 2473/1675/972 2472/1674/971
f 2461/1659/982 2450/1644/973 2462/1660/963 2473/1675/972
f 2462/1660/963 2463/1661/964 2475/1677/954 2474/1676/953
f 2463/1661/964 2464/1662/965 2476/1678/955 2475/1677/954
f 2464/1663/661 2465/1664/662 2477/1680/644 2476/1679/643
f 2465/1664/659 2466/1665/660 2478/1681/1185 2477/1680/641
f 2466/1666/966 2467/1667/967 2479/1683/957 2478/1682/956
f 2467/1667/967 2468/1668/968 2480/1684/958 2479/1683/957
f 2468/1668/968 2469/1669/969 2481/1685/959 2480/1684/958
f 2469/1669/969 2470/1670/970 2482/1686/960 2481/1685/959
f 2470/1671/670 2471/1672/671 2483/1688/653 2482/1687/652
f 2471/1672/668 2472/1673/669 2484/1689/651 2483/1688/1186
f 2472/1674/971 2473/1675/972 2485/1691/962 2484/1690/961
f 2473/1675/972 2462/1660/963 2474/1676/953 2485/1691/962
f 2474/1676/953 2475/1677/954 2487/1693/938 2486/1692/937
f 2475/1677/954 2476/1678/955 2488/1694/940 2487/1693/938
f 2476/1679/643 2477/1680/644 2489/1696/617 2488/1695/616
f 2477/1680/641 2478/1681/1185 2490/1697/614 2489/1696/613
f 2478/1682/956 2479/1683/957 2491/1699/943 2490/1698/942
f 2479/1683/957 2480/1684/958 2492/1700/945 2491/1699/943
f 2480/1684/958 2481/1685/959 2493/1701/946 2492/1700/945
f 2481/1685/959 2482/1686/960 2494/1702/948 2493/1701/946
f 2482/1687/652 2483/1688/653 2495/1704/633 2494/1703/632
f 2483/1688/1186 2484/1689/651 2496/1705/630 2495/1704/629
f 2484/1690/961 2485/1691/962 2497/1707/951 2496/1706/950
f 2485/1691/962 2474/1676/953 2486/1692/937 2497/1707/951
f 2486/1692/937 2487/1693/938 1207/1709/939 1206/1708/623
f 2487/1693/938 2488/1694/940 1208/1710/618 1207/1709/939
f 2488/1695/616 2489/1696/617 1209/1712/615 1208/1711/615
f 2489/1696/613 2490/1697/614 1210/1713/612 1209/1712/612
f 2490/1698/942 2491/1699/943 1211/1715/944 1210/1714/611
f 2491/1699/943 2492/1700/945 1212/1716/606 1211/1715/944
f 2492/1700/945 2493/1701/946 1213/1717/947 1212/1716/606
f 2493/1701/946 2494/1702/948 1214/1718/634 1213/1717/947
f 2494/1703/632 2495/1704/633 1215/1720/631 1214/1719/631
f 2495/1704/629 2496/1705/630 1216/1721/628 1215/1720/628
f 2496/1706/950 2497/1707/951 1217/1723/952 1216/1722/627
f 2497/1707/951 2486/1692/937 1206/1708/623 1217/1723/952
f 1206/1708/599 1207/1709/933 2499/1725/924 2498/1724/923
f 1207/1709/933 1208/1710/597 2500/1726/925 2499/1725/924
f 1208/1711/596 1209/1712/596 2501/1728/580 2500/1727/1193
f 1209/1712/595 1210/1713/595 2502/1729/578 2501/1728/577
f 1210/1714/594 1211/1715/934 2503/1731/927 2502/1730/926
f 1211/1715/934 1212/1716/592 2504/1732/928 2503/1731/927
f 1212/1716/592 1213/1717/935 2505/1733/929 2504/1732/928
f 1213/1717/935 1214/1718/604 2506/1734/930 2505/1733/929
f 1214/1719/603 1215/1720/603 2507/1736/1194 2506/1735/588
f 1215/1720/602 1216/1721/602 2508/1737/587 2507/1736/586
f 1216/1722/601 1217/1723/936 2509/1739/932 2508/1738/931
f 1217/1723/936 1206/1708/599 2498/1724/923 2509/1739/932
f 2498/1724/923 2499/1725/924 2511/1741/914 2510/1740/913
f 2499/1725/924 2500/1726/925 2512/1742/915 2511/1741/914
f 2500/1727/1193 2501/1728/580 2513/1744/562 2512/1743/561
f 2501/1728/577 2502/1729/578 2514/1745/1195 2513/1744/559
f 2502/1730/926 2503/1731/927 2515/1747/917 2514/1746/916
f 2503/1731/927 2504/1732/928 2516/1748/918 2515/1747/917
f 2504/1732/928 2505/1733/929 2517/1749/919 2516/1748/918
f 2505/1733/929 2506/1734/930 2518/1750/920 2517/1749/919
f 2506/1735/588 2507/1736/1194 2519/1752/571 2518/1751/1196
f 2507/1736/586 2508/1737/587 2520/1753/569 2519/1752/1189
f 2508/1738/931 2509/1739/932 2521/1755/922 2520/1754/921
f 2509/1739/932 2498/1724/923 2510/1740/913 2521/1755/922
f 2510/1740/913 2511/1741/914 2523/1757/904 2522/1756/903
f 2511/1741/914 2512/1742/915 2524/1758/905 2523/1757/904
f 2512/1743/561 2513/1744/562 2525/1760/544 2524/1759/543
f 2513/1744/559 2514/1745/1195 2526/1761/542 2525/1760/541
f 2514/1746/916 2515/1747/917 2527/1763/907 2526/1762/906
f 2515/1747/917 2516/1748/918 2528/1764/908 2527/1763/907
f 2516/1748/918 2517/1749/919 2529/1765/909 2528/1764/908
f 2517/1749/919 2518/1750/920 2530/1766/910 2529/1765/909
f 2518/1751/1196 2519/1752/571 2531/1768/553 2530/1767/552
f 2519/1752/1189 2520/1753/569 2532/1769/551 2531/1768/550
f 2520/1754/921 2521/1755/922 2533/1771/912 2532/1770/911
f 2521/1755/922 2510/1740/913 2522/1756/903 2533/1771/912
f 2522/1756/903 2523/1757/904 2535/1773/894 2534/1772/893
f 2523/1757/904 2524/1758/905 2536/1774/895 2535/1773/894
f 2524/1759/543 2525/1760/544 2537/1776/526 2536/1775/525
f 2525/1760/541 2526/1761/542 2538/1777/524 2537/1776/523
f 2526/1762/906 2527/1763/907 2539/1779/897 2538/1778/896
f 2527/1763/907 2528/1764/908 2540/1780/898 2539/1779/897
f 2528/1764/908 2529/1765/909 2541/1781/899 2540/1780/898
f 2529/1765/909 2530/1766/910 2542/1782/900 2541/1781/899
f 2530/1767/552 2531/1768/553 2543/1784/535 2542/1783/534
f 2531/1768/550 2532/1769/551 2544/1785/533 2543/1784/532
f 2532/1770/911 2533/1771/912 2545/1787/902 2544/1786/901
f 2533/1771/912 2522/1756/903 2534/1772/893 2545/1787/902
f 2534/1772/893 2535/1773/894 2547/1789/884 2546/1788/883
f 2535/1773/894 2536/1774/895 2548/1790/885 2547/1789/884
f 2536/1775/525 2537/1776/526 2549/1792/508 2548/1791/507
f 2537/1776/523 2538/1777/524 2550/1793/506 2549/1792/505
f 2538/1778/896 2539/1779/897 2551/1795/887 2550/1794/886
f 2539/1779/897 2540/1780/898 2552/1796/888 2551/1795/887
f 2540/1780/898 2541/1781/899 2553/1797/889 2552/1796/888
f 2541/1781/899 2542/1782/900 2554/1798/890 2553/1797/889
f 2542/1783/534 2543/1784/535 2555/1800/517 2554/1799/516
f 2543/1784/532 2544/1785/533 2556/1801/515 2555/1800/514
f 2544/1786/901 2545/1787/902 2557/1803/892 2556/1802/891
f 2545/1787/902 2534/1772/893 2546/1788/883 2557/1803/892
f 2546/1788/883 2547/1789/884 2559/1805/874 2558/1804/873
f 2547/1789/884 2548/1790/885 2560/1806/875 2559/1805/874
f 2548/1791/507 2549/1792/508 2561/1808/490 2560/1807/1197
f 2549/1792/505 2550/1793/506 2562/1809/488 2561/1808/487
f 2550/1794/886 2551/1795/887 2563/1811/877 2562/1810/876
f 2551/1795/887 2552/1796/888 2564/1812/1198 2563/1811/877
f 2552/1796/888 2553/1797/889 2565/1813/879 2564/1812/1198
f 2553/1797/889 2554/1798/890 2566/1814/880 2565/1813/879
f 2554/1799/516 2555/1800/517 2567/1816/1190 2566/1815/498
f 2555/1800/514 2556/1801/515 2568/1817/497 2567/1816/496
f 2556/1802/891 2557/1803/892 2569/1819/882 2568/1818/881
f 2557/1803/892 2546/1788/883 2558/1804/873 2569/1819/882
f 2558/1804/873 2559/1805/874 2571/1821/864 2570/1820/863
f 2559/1805/874 2560/1806/875 2572/1822/865 2571/1821/864
f 2560/1807/1197 2561/1808/490 2573/1824/472 2572/1823/471
f 2561/1808/487 2562/1809/488 2574/1825/470 2573/1824/469
f 2562/1810/876 2563/1811/877 2575/1827/867 2574/1826/866
f 2563/1811/877 2564/1812/1198 2576/1828/868 2575/1827/867
f 2564/1812/1198 2565/1813/879 2577/1829/869 2576/1828/868
f 2565/1813/879 2566/1814/880 2578/1830/870 2577/1829/869
f 2566/1815/498 2567/1816/1190 2579/1832/481 2578/1831/480
f 2567/1816/496 2568/1817/497 2580/1833/479 2579/1832/478
f 2568/1818/881 2569/1819/882 2581/1835/872 2580/1834/871
f 2569/1819/882 2558/1804/873 2570/1820/863 2581/1835/872
f 2570/1836/863 2571/1839/864 2583/1838/854 2582/1837/853
f 2571/1839/864 2572/1841/865 2584/1840/855 2583/1838/854
f 2572/1823/471 2573/1824/472 2585/1843/454 2584/1842/453
f 2573/1824/469 2574/1825/470 2586/1844/452 2585/1843/451
f 2574/1826/866 2575/1827/867 2587/1846/857 2586/1845/856
f 2575/1827/867 2576/1828/868 2588/1847/858 2587/1846/857
f 2576/1828/868 2577/1829/869 2589/1848/859 2588/1847/858
f 2577/1849/869 2578/1852/870 2590/1851/860 2589/1850/859
f 2578/1831/480 2579/1832/481 2591/1854/463 2590/1853/462
f 2579/1832/478 2580/1833/479 2592/1855/461 2591/1854/460
f 2580/1834/871 2581/1835/872 2593/1857/862 2592/1856/861
f 2581/1835/872 2570/1820/863 2582/1858/853 2593/1857/862
f 2582/1837/853 2583/1838/854 2595/1860/844 2594/1859/843
f 2583/1838/854 2584/1840/855 2596/1861/845 2595/1860/844
f 2584/1842/453 2585/1843/454 2597/1863/436 2596/1862/435
f 2585/1843/451 2586/1844/452 2598/1864/434 2597/1863/433
f 2586/1865/856 2587/1868/857 2599/1867/847 2598/1866/846
f 2587/1868/857 2588/1870/858 2600/1869/848 2599/1867/847
f 2588/1870/858 2589/1850/859 2601/1871/849 2600/1869/848
f 2589/1850/859 2590/1851/860 2602/1872/850 2601/1871/849
f 2590/1853/462 2591/1854/463 2603/1874/445 2602/1873/444
f 2591/1854/460 2592/1855/461 2604/1875/443 2603/1874/442
f 2592/1876/861 2593/1879/862 2605/1878/852 2604/1877/851
f 2593/1879/862 2582/1837/853 2594/1859/843 2605/1878/852
f 2594/1859/843 2595/1860/844 2607/1881/834 2606/1880/833
f 2595/1860/844 2596/1861/845 2608/1882/835 2607/1881/834
f 2596/1862/435 2597/1863/436 2609/1884/418 2608/1883/417
f 2597/1863/433 2598/1864/434 2610/1885/416 2609/1884/415
f 2598/1866/846 2599/1867/847 2611/1887/837 2610/1886/836
f 2599/1867/847 2600/1869/848 2612/1888/838 2611/1887/837
f 2600/1869/848 2601/1871/849 2613/1889/839 2612/1888/838
f 2601/1871/849 2602/1872/850 2614/1890/840 2613/1889/839
f 2602/1873/444 2603/1874/445 2615/1892/427 2614/1891/426
f 2603/1874/442 2604/1875/443 2616/1893/425 2615/1892/424
f 2604/1877/851 2605/1878/852 2617/1895/842 2616/1894/841
f 2605/1878/852 2594/1859/843 2606/1880/833 2617/1895/842
f 2606/1880/833 2607/1881/834 2619/1897/823 2618/1896/822
f 2607/1881/834 2608/1882/835 2620/1898/824 2619/1897/823
f 2608/1883/417 2609/1884/418 2621/1900/392 2620/1899/1199
f 2609/1884/415 2610/1885/416 2622/1901/389 2621/1900/388
f 2610/1886/836 2611/1887/837 2623/1903/826 2622/1902/825
f 2611/1887/837 2612/1888/838 2624/1904/827 2623/1903/826
f 2612/1888/838 2613/1889/839 2625/1905/828 2624/1904/827
f 2613/1889/839 2614/1890/840 2626/1906/829 2625/1905/828
f 2614/1891/426 2615/1892/427 2627/1908/830 2626/1907/406
f 2615/1892/424 2616/1893/425 2628/1909/404 2627/1908/403
f 2616/1894/841 2617/1895/842 2629/1911/832 2628/1910/831
f 2617/1895/842 2606/1880/833 2618/1896/822 2629/1911/832
f 2618/1896/822 2619/1897/823 2079/1101/818 2078/1098/203
f 2619/1897/823 2620/1898/824 2080/1103/393 2079/1101/818
f 2620/1899/1199 2621/1900/392 2081/1107/390 2080/1104/390
f 2621/1900/388 2622/1901/389 2082/1109/387 2081/1107/387
f 2622/1902/825 2623/1903/826 2083/1113/819 2082/1110/386
f 2623/1903/826 2624/1904/827 2084/1115/220 2083/1113/819
f 2624/1904/827 2625/1905/828 2085/1117/820 2084/1115/220
f 2625/1905/828 2626/1906/829 2086/1119/408 2085/1117/820
f 2626/1907/406 2627/1908/830 2087/1123/405 2086/1120/405
f 2627/1908/403 2628/1909/404 2088/1125/402 2087/1123/402
f 2628/1910/831 2629/1911/832 2089/1129/821 2088/1126/401
f 2629/1911/832 2618/1896/822 2078/1098/203 2089/1129/821
